titulo,precio,fecha_publicacion,hora_publicacion,lugar_venta
Xiaomi Redmi Note 10 Pro 6/128 GB,80000,24-08-2023,19:53:59,"El Bosque, Regi贸n Metropolitana"
Xiaomi mi watch,90000,24-08-2023,18:40:03,"Puente Alto, Regi贸n Metropolitana"
Xiaomi Smart Watch S1 Active White,105000,24-08-2023,12:45:57,"La Florida, Regi贸n Metropolitana"
Tel茅fono Xiaomi Redmi Note 11S 128GB Gris,150000,24-08-2023,01:52:35,"Santiago, Regi贸n Metropolitana"
Xiaomi redmi note 9 negro 64gb ,60000,23-08-2023,18:08:57,"Providencia, Regi贸n Metropolitana"
Xiaomi redmi note 9 pro 128gb 6gb de ram liberado,90000,23-08-2023,15:22:12,"Providencia, Regi贸n Metropolitana"
Celular xiaomi redmi 12c,130000,23-08-2023,15:15:37,"Maip煤, Regi贸n Metropolitana"
Celular Xiaomi Redmi Note 9 Dual Sim Liberado,90000,23-08-2023,14:24:03,"Santiago, Regi贸n Metropolitana"
Xiaomi Mi 10T Lite 5G 6/128GB,100000,22-08-2023,22:21:12,"El Bosque, Regi贸n Metropolitana"
MicroSD 2TB Xiaomi Tarjeta Memoria adaptador,15000,22-08-2023,16:44:56,"San Bernardo, Regi贸n Metropolitana"
Xiaomi redmi a1,40000,22-08-2023,02:11:13,"Santiago, Regi贸n Metropolitana"
Xiaomi mi 10t 128,149000,21-08-2023,22:52:23,"Colina, Regi贸n Metropolitana"
Celular xiaomi 128 gb red 12 c,120000,21-08-2023,14:30:26,"Vitacura, Regi贸n Metropolitana"
Lente Mica De Camara Xiaomi Redmi 10,5900,21-08-2023,12:10:03,"Macul, Regi贸n Metropolitana"
Xiaomi Redmi Note 10 5G 2022,130000,21-08-2023,09:53:36,"Providencia, Regi贸n Metropolitana"
Xiaomi 12 TPro,450000,20-08-2023,21:46:56,"San Bernardo, Regi贸n Metropolitana"
Xiaomi mi 10T Pro usado,200000,20-08-2023,19:37:59,"La Florida, Regi贸n Metropolitana"
Xiaomi redmi note 10 5g,155000,20-08-2023,15:25:49,"Santiago, Regi贸n Metropolitana"
Celular Xiaomi,50000,20-08-2023,15:22:39,"La Florida, Regi贸n Metropolitana"
Xiaomi Redmi Note 11 pro+ 5G,300000,20-08-2023,12:37:29,"Santiago, Regi贸n Metropolitana"
Xiaomi redmi note 11s,140000,20-08-2023,08:44:59,"San Bernardo, Regi贸n Metropolitana"
Xiaomi Redmi Note 9S,89990,20-08-2023,00:44:38,"Conchal铆, Regi贸n Metropolitana"
Xiomi 9a 2022,45,19-08-2023,14:16:50,"Maip煤, Regi贸n Metropolitana"
Xiaomi Redmi watch 3 Active ,36000,19-08-2023,13:18:00,"La Florida, Regi贸n Metropolitana"
Xiaomi poco x3 pro de 256gb en perfectas condicion,150000,19-08-2023,08:59:05,"Independencia, Regi贸n Metropolitana"
V o P Xiaomi redmi note 12 pro 5g,300000,18-08-2023,22:26:37,"La Florida, Regi贸n Metropolitana"
Xiaomi Redmi 12C Dual SIM 128 GB gris grafito 4 GB,180000,18-08-2023,21:44:54,"Maip煤, Regi贸n Metropolitana"
Celular Xiaomi redmi10 5G 128 GB nuevo y sellado,120000,18-08-2023,13:27:14,"Quinta Normal, Regi贸n Metropolitana"
Celular Xiaomi Redmi 12 C,100000,18-08-2023,12:26:50,"La Florida, Regi贸n Metropolitana"
Xiaomi Redmi Note 9 Pro,80000,18-08-2023,11:30:41,"Puente Alto, Regi贸n Metropolitana"
Xiaomi redmi 12c,90000,18-08-2023,02:45:44,"Quinta Normal, Regi贸n Metropolitana"
Xiaomi redmi Note 9 Pro,80000,17-08-2023,08:43:05,"Providencia, Regi贸n Metropolitana"
Xiaomi Redmi Note 10 PRO,10000,16-08-2023,23:45:21,"Santiago, Regi贸n Metropolitana"
Xiaomi black shark 4 ,290000,16-08-2023,21:53:53,"Pudahuel, Regi贸n Metropolitana"
Xiaomi Mi 10t 128GB,205000,16-08-2023,20:25:04,"Las Condes, Regi贸n Metropolitana"
"Xiaomi note 10, solo 6 meses de uso",90000,16-08-2023,11:42:52,"Providencia, Regi贸n Metropolitana"
Xiaomi 11 Lite 5G,150000,16-08-2023,10:24:45,"Recoleta, Regi贸n Metropolitana"
Xiaomi 11T,400000,15-08-2023,19:06:53,"Quinta Normal, Regi贸n Metropolitana"
Xiaomi redmi note 7,40000,15-08-2023,12:37:52,"Recoleta, Regi贸n Metropolitana"
Xaomi 12 t,300000,15-08-2023,11:54:11,"Lo Prado, Regi贸n Metropolitana"
Xiaomi poco f3,120000,15-08-2023,11:07:58,"Pe帽aflor, Regi贸n Metropolitana"
Smartphone Xiaomi note 12,160000,15-08-2023,10:57:34,"Maip煤, Regi贸n Metropolitana"
Xiaomi 11t,300000,14-08-2023,21:13:56,"Santiago, Regi贸n Metropolitana"
Xiaomi Redmi Note 8 - Usado,200000,14-08-2023,19:19:06,"Estaci贸n Central, Regi贸n Metropolitana"
Xiaomi Redmi Note 9 - Usado,250000,14-08-2023,19:18:54,"Estaci贸n Central, Regi贸n Metropolitana"
Xiaomi note 11s 5g,80000,14-08-2023,17:32:44,"La Florida, Regi贸n Metropolitana"
Xiaomi Redmi 11 Note,90000,14-08-2023,15:27:46,"Independencia, Regi贸n Metropolitana"
Smart Watch Xiomi,60000,14-08-2023,00:06:15,"La Florida, Regi贸n Metropolitana"
Celular Xiaomi 11t Celestial Blue como nuevo,250000,13-08-2023,21:13:51,"Providencia, Regi贸n Metropolitana"
Xiomi MI 11 t pro,250000,13-08-2023,14:08:27,"Cerrillos, Regi贸n Metropolitana"
Xiaomi Redmi Note 10S,130000,13-08-2023,12:21:46,"Padre Hurtado, Regi贸n Metropolitana"
Xiaomi Watch S1,50000,13-08-2023,03:00:47,"Paine, Regi贸n Metropolitana"
Xiaomi redmi note 9 128gb 4gb ram ,90000,12-08-2023,23:37:18,"Maip煤, Regi贸n Metropolitana"
Xiaomi Redmi Note 9,70000,12-08-2023,19:18:36,"La Florida, Regi贸n Metropolitana"
Celular Xiaomi Redmi Note 10s,90000,12-08-2023,02:55:51,"El Bosque, Regi贸n Metropolitana"
Celular xiaomi redmi note 10 pro de 128 gb ,120000,12-08-2023,00:55:14,"Puente Alto, Regi贸n Metropolitana"
Xiaomi poco x3 ,100000,11-08-2023,22:18:21,"Quilicura, Regi贸n Metropolitana"
Xiaomi Mi band 6,29990,11-08-2023,21:00:36,"Puente Alto, Regi贸n Metropolitana"
Xiaomi MI 10T LITE 5G,150000,11-08-2023,20:45:06,"Puente Alto, Regi贸n Metropolitana"
Xiaomi A2 color negro ,65000,10-08-2023,17:47:17,"Santiago, Regi贸n Metropolitana"
Xiaomi Poco F5 Pro Liberado (12 + 3 GB/512GB) l,500000,10-08-2023,10:22:05,"Maip煤, Regi贸n Metropolitana"
Celular Xiaomi Redmi Note 11 Pro 5G,200000,10-08-2023,09:09:23,"Puente Alto, Regi贸n Metropolitana"
Xiaomi Redmi A1,40000,09-08-2023,23:15:50,"Colina, Regi贸n Metropolitana"
Xiaomi Redmi 9,65000,09-08-2023,13:34:48,"Santiago, Regi贸n Metropolitana"
Carcasa Xiaomi 11T Pro,5000,08-08-2023,21:43:38,"San Joaqu铆n, Regi贸n Metropolitana"
Xiaomi Redmi Note 12 pro,250000,08-08-2023,17:40:02,"Cerro Navia, Regi贸n Metropolitana"
Xiaomi Redmi 12,150000,08-08-2023,03:07:27,"Pudahuel, Regi贸n Metropolitana"
Cargador original Xiaomi,22000,07-08-2023,22:18:00,"La Florida, Regi贸n Metropolitana"
Eqipaso Xiaomi 10s 8/128 snapdragon ,250000,07-08-2023,22:14:24,"Puente Alto, Regi贸n Metropolitana"
Xiaomi poco x5 pro ,130000,07-08-2023,21:40:02,"La Granja, Regi贸n Metropolitana"
Xiaomi Redmi note 9,58000,07-08-2023,09:40:50,"Santiago, Regi贸n Metropolitana"
Celular xiaomi redmi 9C,100000,06-08-2023,17:07:35,"Pudahuel, Regi贸n Metropolitana"
Xiaomi poco x3 pro,45000,06-08-2023,10:28:31,"Macul, Regi贸n Metropolitana"
Xiaomi redmi 9a,230000,05-08-2023,16:15:08,"Pe帽alol茅n, Regi贸n Metropolitana"
Xiaomi 10t pro 256 gb,420000,05-08-2023,12:55:58,"u帽oa, Regi贸n Metropolitana"
Xiaomi 12 pro PLUS. black,8900,04-08-2023,21:11:26,"Independencia, Regi贸n Metropolitana"
Flex Main Xiaomi Redmi Note 9s/9 Pro,135000,04-08-2023,11:34:25,"Macul, Regi贸n Metropolitana"
Xiaomi Poco x3 Pro,130000,04-08-2023,08:15:57,"Maip煤, Regi贸n Metropolitana"
Xiaomi Redmi Note 10s,3000,03-08-2023,23:23:25,"Puente Alto, Regi贸n Metropolitana"
Porta Tarjeta Bandeja Dual Sim Chip Xiaomi 12 Lite,7500,03-08-2023,16:52:21,"Santiago, Regi贸n Metropolitana"
Flex de carga para xiaomi redmi 9c,60000,03-08-2023,12:13:52,"Macul, Regi贸n Metropolitana"
Xiaomi mi Watch,150000,02-08-2023,17:38:50,"Maip煤, Regi贸n Metropolitana"
Xiaomi,85000,02-08-2023,17:37:45,"Maip煤, Regi贸n Metropolitana"
Xiaomi 11,75000,02-08-2023,13:14:50,"Puente Alto, Regi贸n Metropolitana"
Celular Xiaomi readmi 10c 128gb,115000,02-08-2023,06:42:13,"Quinta Normal, Regi贸n Metropolitana"
Xiaomi Redmi Note 10 Fotos Reales 64/4gb Impecable,85000,01-08-2023,22:58:07,"Santiago, Regi贸n Metropolitana"
Xiaomi Redmi Note 5 Dualsim 64/4gb Fotos reales,210000,01-08-2023,22:56:08,"Santiago, Regi贸n Metropolitana"
Xiaomi mi10t pro 5g permuto,210000,01-08-2023,22:35:09,"San Miguel, Regi贸n Metropolitana"
XIAOMI Redmi Note 12S - 3 unidades,250000,01-08-2023,11:54:54,"Providencia, Regi贸n Metropolitana"
Xiaomi POCO X4 Pro 5G 128GB Laser Black,25000,31-07-2023,22:09:17,"Providencia, Regi贸n Metropolitana"
Xiaomi Smartband 7,120000,31-07-2023,21:56:07,"Santiago, Regi贸n Metropolitana"
Celular Xiaomi 10t,120000,30-07-2023,21:31:00,"Las Condes, Regi贸n Metropolitana"
Celular Xiaomi,130000,30-07-2023,12:14:32,"Puente Alto, Regi贸n Metropolitana"
Celular xiomi note 10 s,90000,29-07-2023,12:43:23,"Estaci贸n Central, Regi贸n Metropolitana"
Cargador Xiaomi Original Turbo Carga de 120 wals,27000,28-07-2023,13:50:48,"Quinta Normal, Regi贸n Metropolitana"
Reloj Xiaomi MI watch black,40000,28-07-2023,12:24:23,"Las Condes, Regi贸n Metropolitana"
Xiaomi redmi 9 / 4+1RAM / 64GB,70000,27-07-2023,22:55:24,"Santiago, Regi贸n Metropolitana"
Se permuta Xiaomi 11T Pro,50000,27-07-2023,16:14:57,"Puente Alto, Regi贸n Metropolitana"
Xiaomi redmi 9A,100000,27-07-2023,15:32:52,"Renca, Regi贸n Metropolitana"
Xiaomi Redmi A2,6900,27-07-2023,12:13:59,"Santiago, Regi贸n Metropolitana"
Funda Silicona Para Xiaomi Redmi Mi Note 10pro,6900,27-07-2023,09:24:53,"u帽oa, Regi贸n Metropolitana"
Funda Silicona Para Xiaomi Redmi Mi Note 10,6900,27-07-2023,09:01:48,"u帽oa, Regi贸n Metropolitana"
Funda De Silicona Compatible Xiaomi Redmi Note 9,6900,27-07-2023,08:59:47,"u帽oa, Regi贸n Metropolitana"
Funda Silicona Para Xiaomi Redmi Mi Note 10pro,4990,27-07-2023,08:52:30,"u帽oa, Regi贸n Metropolitana"
Correa De Silicona Bicolor Para Xiaomi Mi Band 5 Y,250000,27-07-2023,08:40:24,"u帽oa, Regi贸n Metropolitana"
Celular Xiaomi 11t perfectas condiciones,90000,27-07-2023,06:56:10,"Santiago, Regi贸n Metropolitana"
Tel茅fono Celular Xiaomi Red Note 10S,70000,26-07-2023,22:50:30,"Renca, Regi贸n Metropolitana"
Xiaomi redmi 10,130000,26-07-2023,17:54:57,"Pe帽alol茅n, Regi贸n Metropolitana"
Xiaomi 12c 128g,170000,26-07-2023,16:47:17,"Pe帽alol茅n, Regi贸n Metropolitana"
Xiaomi mi 10 t pro gama alta o permuto ,85000,26-07-2023,08:20:46,"Santiago, Regi贸n Metropolitana"
Xiaomi redmi 12c. Nuevo sellado,90000,26-07-2023,08:05:03,"La Florida, Regi贸n Metropolitana"
Celular Xiaomi 12c,180000,25-07-2023,12:36:34,"Santiago, Regi贸n Metropolitana"
Xiaomi Mi 11 Lite 5g Dual Sim 128 Gb Negro Trufa 8,14900,25-07-2023,02:07:09,"San Bernardo, Regi贸n Metropolitana"
Bateria BN4A Xiaomi Redmi Note 7 Pro,3990,24-07-2023,21:48:02,"Santiago, Regi贸n Metropolitana"
Protector De Pantalla 20d Para Xiaomi Mi Watch S1,8500,24-07-2023,18:26:46,"u帽oa, Regi贸n Metropolitana"
Correa De Silicona Para Xiaomi Mi Watch S1 &amp; Otros,7590,24-07-2023,15:54:38,"u帽oa, Regi贸n Metropolitana"
Funda Para Xiaomi Mi Watch S1 Active,30000,24-07-2023,15:14:21,"u帽oa, Regi贸n Metropolitana"
Xiaomi Redmi Note 8,110000,24-07-2023,14:19:08,"Santiago, Regi贸n Metropolitana"
Celular Xiaomi Redmi Note 10s,110000,23-07-2023,23:11:22,"El Bosque, Regi贸n Metropolitana"
Xiaomi note 10 5g,150000,23-07-2023,21:35:33,"Huechuraba, Regi贸n Metropolitana"
"Xiaomi Mi 10 Lite 5g, 8/256, como nuevo (9/10)",180,23-07-2023,21:29:31,"Pudahuel, Regi贸n Metropolitana"
 celular Xiaomi mi note 10,230000,23-07-2023,18:04:05,"Quilicura, Regi贸n Metropolitana"
Celular xiaomi 11t,150000,22-07-2023,20:38:58,"Santiago, Regi贸n Metropolitana"
Xiaomi Poco C40 Coral Green 64GB ROM,190,22-07-2023,16:21:01,Todo Chile
Celular Xiomi redmi note 11s,90000,22-07-2023,14:55:22,"La Florida, Regi贸n Metropolitana"
Xiaomi redmi note 10s,160000,22-07-2023,12:50:47,"Lo Prado, Regi贸n Metropolitana"
Celular Xiomi redmi 10c,105000,22-07-2023,09:55:50,"La Florida, Regi贸n Metropolitana"
Xiaomi redmi watch 3 mas auriculares nuevo,65000,21-07-2023,14:48:41,"Estaci贸n Central, Regi贸n Metropolitana"
Xiaomi Redmi Note 9,50000,20-07-2023,21:46:20,"Providencia, Regi贸n Metropolitana"
Celular Xiaomi Redmi 9 64 gb,300000,20-07-2023,15:28:07,"Santiago, Regi贸n Metropolitana"
Xiaomi POCO X4 GT 5G 128GB + 8GB RAM AZUL,590000,20-07-2023,13:26:05,"Santiago, Regi贸n Metropolitana"
Xiaomi 12 pro 5g seminuevo,447000,19-07-2023,23:56:22,"Lampa, Regi贸n Metropolitana"
Xiomi 12 Pro,90000,19-07-2023,21:08:02,Todo Chile
Xiaomi redmi note 11,85000,19-07-2023,09:53:40,"Quinta Normal, Regi贸n Metropolitana"
Permuto Xiaomi 12 + Smartwatch S1ACTIVE por iPhone,110000,18-07-2023,22:14:13,"Santiago, Regi贸n Metropolitana"
Xiaomi Redmi Note 11,100000,18-07-2023,19:11:34,"Santiago, Regi贸n Metropolitana"
Xiaomi mi 10 t,60000,18-07-2023,15:10:59,"Puente Alto, Regi贸n Metropolitana"
Xiaomi redmi note 11 煤nica due帽a,15000,18-07-2023,14:24:06,"Pe帽alol茅n, Regi贸n Metropolitana"
Xiaomi Redmi 9,45000,18-07-2023,08:54:37,"Santiago, Regi贸n Metropolitana"
XIAOMI POCO X3 Pro,175000,17-07-2023,23:52:26,"La Florida, Regi贸n Metropolitana"
Xiaomi Redmi 10 5G 128GB Verde,150000,17-07-2023,21:09:15,"Santiago, Regi贸n Metropolitana"
Xiaomi 11 Lite 5g,150000,17-07-2023,17:36:17,"Puente Alto, Regi贸n Metropolitana"
Smartwatch Xioami,50000,17-07-2023,16:53:58,"Santiago, Regi贸n Metropolitana"
Xiaomi Poco X3 NFC,100000,17-07-2023,16:11:58,"Vitacura, Regi贸n Metropolitana"
Bateria bm39 para xiaomi 6 mi 6 mi6,12900,17-07-2023,14:19:56,"Santiago, Regi贸n Metropolitana"
Celular Xiaomi Redmi note 10s excelente estado,90000,17-07-2023,13:49:50,"Santiago, Regi贸n Metropolitana"
Xiaomi redmi note 11s,100000,17-07-2023,11:43:21,"Puente Alto, Regi贸n Metropolitana"
Xiaomi poco M5,85000,17-07-2023,09:40:31,"Puente Alto, Regi贸n Metropolitana"
Cargador xiaomi 2000 amperes con funda silicona,19900,16-07-2023,01:22:47,"Conchal铆, Regi贸n Metropolitana"
Xiaomi poco x3 nfc,100000,15-07-2023,17:42:52,"u帽oa, Regi贸n Metropolitana"
Xiaomi Mi 10T pro 5G excelente estado,299000,15-07-2023,09:49:57,"Buin, Regi贸n Metropolitana"
Redmi xiomi 12c,140000,14-07-2023,19:22:12,"Santiago, Regi贸n Metropolitana"
Xiaomi redmi note pro 11 5g,80000,14-07-2023,13:09:50,"San Bernardo, Regi贸n Metropolitana"
Xiaomi redmi 12c,130000,14-07-2023,09:10:50,"Maip煤, Regi贸n Metropolitana"
Celular Xiaomi 11t nuevo,70000,13-07-2023,19:40:24,"La Cisterna, Regi贸n Metropolitana"
Xaomi redmi 12c,95000,13-07-2023,13:05:16,"Estaci贸n Central, Regi贸n Metropolitana"
Aud铆fonos Xiaomi Buds T3 Pro,100000,13-07-2023,10:55:14,"Providencia, Regi贸n Metropolitana"
Celular Xiaomi Redmi C12,550000,12-07-2023,21:49:34,"San Bernardo, Regi贸n Metropolitana"
Xiaomi 12 5G por renovaci贸n,230000,12-07-2023,12:24:45,"Independencia, Regi贸n Metropolitana"
Xiaomi Redmi 10 5G ,180000,11-07-2023,17:18:37,"El Bosque, Regi贸n Metropolitana"
Celular Xiaomi 11 Lite 5G como nuevo c/ accesorios,100000,10-07-2023,23:23:19,"San Miguel, Regi贸n Metropolitana"
Xiaomi redmi note 10 128gb 5g,110000,10-07-2023,18:12:53,Todo Chile
Celular Xiaomi Mi 11 Lite,9990,10-07-2023,13:28:33,"Puente Alto, Regi贸n Metropolitana"
Aud铆fonos Bluetooth Xiaomi Redm,200000,10-07-2023,11:28:39,"Santiago, Regi贸n Metropolitana"
Xiaomi 11T 256GB Ram de 8Gb,125900,09-07-2023,14:23:13,"Colina, Regi贸n Metropolitana"
Xiaomi Redmi Note 10 5g Dual Sim 128 Gb Azul Noctu,190000,09-07-2023,10:27:30,"Santiago, Regi贸n Metropolitana"
Xiaomi Poco X4 Pro 5G,100000,08-07-2023,21:32:02,"Providencia, Regi贸n Metropolitana"
Xiaomi Redmi 10 note 5G,170000,08-07-2023,19:14:38,"Puente Alto, Regi贸n Metropolitana"
Xiaomi 11 Lite 5G ne y smart band 6,130,08-07-2023,14:03:03,"Huechuraba, Regi贸n Metropolitana"
 Xiaomi mi 11 life ,365000,06-07-2023,20:32:02,"Estaci贸n Central, Regi贸n Metropolitana"
Xiaomi 11T Pro,57990,06-07-2023,20:16:12,"Santiago, Regi贸n Metropolitana"
Smartwatch Redmi Watch Lite 2 Black Xiaomi,120000,06-07-2023,17:55:56,"Maip煤, Regi贸n Metropolitana"
Xiaomi Redmi 10 Nuevo en Caja,50000,05-07-2023,22:55:49,"Pe帽alol茅n, Regi贸n Metropolitana"
Xiaomi Redmi Note 8 64Gb,250000,05-07-2023,19:27:25,"Recoleta, Regi贸n Metropolitana"
Xiaomi Redmi 11pro 5g 128gb,80000,05-07-2023,18:23:48,"Providencia, Regi贸n Metropolitana"
Smartwatch Xiaomi Watch S1 Active,250000,05-07-2023,11:22:30,"Santiago, Regi贸n Metropolitana"
Xiaomi 11 T pro,5000,05-07-2023,01:19:00,"La Florida, Regi贸n Metropolitana"
Carcasa Xiaomi Redmi Note 9/9s/9 Pro/9 Pro Max,65000,04-07-2023,18:38:00,"La Florida, Regi贸n Metropolitana"
Xiaomi Redmi 9C-128 GB,60000,04-07-2023,17:24:43,"Cerro Navia, Regi贸n Metropolitana"
Xiaomi Redmi Note 9S,25000,03-07-2023,17:18:19,"Pe帽alol茅n, Regi贸n Metropolitana"
Xiaomi A9 Usado + Cargador,120000,03-07-2023,15:31:13,"Maip煤, Regi贸n Metropolitana"
Xiaomi Note11S 5G,200000,03-07-2023,05:02:37,"Puente Alto, Regi贸n Metropolitana"
Celular Redmi 12 S Xiaomi,260,02-07-2023,15:50:35,"Vitacura, Regi贸n Metropolitana"
Xiaomi mi 11 Impeque sin detalles,95000,30-06-2023,21:29:41,"Quinta Normal, Regi贸n Metropolitana"
Xiaomi 12,260000,30-06-2023,16:35:17,"Santiago, Regi贸n Metropolitana"
Xiaomi Mi 11,250000,30-06-2023,15:08:11,"Pudahuel, Regi贸n Metropolitana"
Xiaomi Redmi 9T,65000,29-06-2023,20:47:06,"Maip煤, Regi贸n Metropolitana"
Xiaomi 11 lite en excelente estado,120000,29-06-2023,20:01:37,"Maip煤, Regi贸n Metropolitana"
Reloj Smartwach Xiaomi,25000,29-06-2023,19:48:01,"La Granja, Regi贸n Metropolitana"
Xiaomi Redmi Note 8 64 GB,70000,29-06-2023,09:16:14,"Pirque, Regi贸n Metropolitana"
Xiaomi Redmi 9A,55000,28-06-2023,15:32:53,"La Florida, Regi贸n Metropolitana"
Carcasa xiaomo Rm Note 9t,5000,28-06-2023,02:39:58,"Recoleta, Regi贸n Metropolitana"
Xaomi redmi note 10 5G,95000,27-06-2023,17:37:55,"San Bernardo, Regi贸n Metropolitana"
Xiaomi 11 t pro usando pero en buen estado,330000,26-06-2023,21:30:07,"Quinta Normal, Regi贸n Metropolitana"
Xiaomi Redmi Note 12 pro +,120000,26-06-2023,16:34:54,"Maip煤, Regi贸n Metropolitana"
Xiaomi redminote 10pro,12000,26-06-2023,15:50:17,"Puente Alto, Regi贸n Metropolitana"
Aud铆fonos Xiaomi Mi True Wireless InEar 2Basic,230000,26-06-2023,13:28:47,"Quilicura, Regi贸n Metropolitana"
Xiaomi 11 T 256gb,100000,26-06-2023,05:36:21,"Maip煤, Regi贸n Metropolitana"
Xiaomi Redmi 10c,60000,25-06-2023,15:25:16,"La Pintana, Regi贸n Metropolitana"
Xiaomi redmi note 9,15000,24-06-2023,20:36:30,"Maip煤, Regi贸n Metropolitana"
Cargador original Xiaomi,50000,24-06-2023,17:47:38,"Estaci贸n Central, Regi贸n Metropolitana"
Tel茅fono Xiaomi redmi 9a,120000,22-06-2023,20:41:17,"Colina, Regi贸n Metropolitana"
Xianomi note 11S,50000,22-06-2023,15:45:59,"Estaci贸n Central, Regi贸n Metropolitana"
Xiaomi redmi 9,80000,22-06-2023,12:41:18,"La Florida, Regi贸n Metropolitana"
Xiaomi Redmi 9 Gris Oscuro,80000,22-06-2023,10:26:20,"Santiago, Regi贸n Metropolitana"
Xiaomi Redmi 9 Gris oscuro,12000,22-06-2023,08:08:51,"Santiago, Regi贸n Metropolitana"
Xaomi Smart band Fit 5,115000,21-06-2023,21:27:39,"Pe帽alol茅n, Regi贸n Metropolitana"
Celular Xiaomi redmi 12 4gb ram 128gb rom,150000,21-06-2023,20:25:24,"San Ram贸n, Regi贸n Metropolitana"
Xiaomi Redmi 10S,70000,21-06-2023,20:22:42,"Maip煤, Regi贸n Metropolitana"
Xiaomi Redmi 10 a帽o 2022,95000,21-06-2023,16:33:28,"Buin, Regi贸n Metropolitana"
Xiaomi Redmi Note 8 Space Black 4Gb Nuevo Sellado,95000,20-06-2023,19:37:28,"Las Condes, Regi贸n Metropolitana"
Xiaomi redmi note 9,130000,20-06-2023,19:10:51,"Estaci贸n Central, Regi贸n Metropolitana"
Xiaomi redmi 12 c ,400000,19-06-2023,13:17:08,"La Florida, Regi贸n Metropolitana"
Celular Xiaomi 12T PRO 256gb,120000,18-06-2023,23:18:03,"Independencia, Regi贸n Metropolitana"
Celular Xiaomi Redmi 11S,300000,18-06-2023,10:48:38,"La Granja, Regi贸n Metropolitana"
Xiaomi 12 256gb/8ram,250000,16-06-2023,17:28:18,"Providencia, Regi贸n Metropolitana"
celular xaomi 12 Lite ,70000,15-06-2023,20:35:19,"Maip煤, Regi贸n Metropolitana"
Nuevo sin caja Xiaomi S9,220000,15-06-2023,11:28:50,"Santiago, Regi贸n Metropolitana"
Xiami Redmi Note 11 Pro,100000,14-06-2023,21:06:50,"Santiago, Regi贸n Metropolitana"
Celular Smartphone Xiaomi Redmi 10C 64 Gb Azul,80000,14-06-2023,14:02:38,"Puente Alto, Regi贸n Metropolitana"
Xiaomi Watch S1 Activ,90000,14-06-2023,11:00:44,"Pudahuel, Regi贸n Metropolitana"
Xiaomi redmi note 9 pro,60000,14-06-2023,10:06:40,"La Cisterna, Regi贸n Metropolitana"
Xiaomi redmi note 8,360000,14-06-2023,07:45:57,"Maip煤, Regi贸n Metropolitana"
Xiaomi Redmi Note 12 Pro Plus ,85000,13-06-2023,17:21:40,"Santiago, Regi贸n Metropolitana"
Xiaomi redmi 12c,10500,13-06-2023,14:07:10,"Maip煤, Regi贸n Metropolitana"
Flex Carga Compatible Xiaomi Redmi Note 9s Y Note,5900,13-06-2023,12:42:01,"Providencia, Regi贸n Metropolitana"
Lente Camara Trasera Xiaomi Redmi Note 9 Pro 9s,6500,13-06-2023,12:41:44,"Providencia, Regi贸n Metropolitana"
Flex Main Compatible Con Xiaomi Redmi Note 9,8900,13-06-2023,12:33:58,"Providencia, Regi贸n Metropolitana"
Flex Main Xiaomi Redmi Note 9s / 9 Pro,39900,13-06-2023,12:17:33,"Providencia, Regi贸n Metropolitana"
Pantalla Xiaomi Redmi Note 9 Pro / Note 9s,115000,13-06-2023,12:17:20,"Providencia, Regi贸n Metropolitana"
Xiaomi 11T Pro 256 GB,260000,12-06-2023,18:24:04,"Las Condes, Regi贸n Metropolitana"
Xiaomi mi 10 5G,200000,12-06-2023,17:34:24,"Maip煤, Regi贸n Metropolitana"
Cargador celular XIAOMI ORIGINAL TIPO C,10000,11-06-2023,16:20:43,"Santiago, Regi贸n Metropolitana"
Xiaomi Poco M5,100000,11-06-2023,09:54:06,"Quinta Normal, Regi贸n Metropolitana"
Xiaomi Redmi Note 10 5G,120000,11-06-2023,05:53:23,"San Ram贸n, Regi贸n Metropolitana"
Telefono xiaomi,100000,10-06-2023,20:06:25,"Maip煤, Regi贸n Metropolitana"
Xiaomi 11 Lite 5G Snowflake White,130000,09-06-2023,22:55:35,"Santiago, Regi贸n Metropolitana"
Celular xiaomi redmi note 9,70000,09-06-2023,19:40:02,"Santiago, Regi贸n Metropolitana"
Xiaomi t12 pro,450000,09-06-2023,17:59:16,"Lo Prado, Regi贸n Metropolitana"
Xiaomi Mi 11T,210000,09-06-2023,17:55:16,"Estaci贸n Central, Regi贸n Metropolitana"
Xiomi mi 10T,180000,09-06-2023,11:26:31,"Quilicura, Regi贸n Metropolitana"
Xiamomi Redmi 9 64 Gb,90000,09-06-2023,09:19:44,"Maip煤, Regi贸n Metropolitana"
Celular Xiaomi note8 y motorola g8 power lite,80000,08-06-2023,20:35:06,"San Joaqu铆n, Regi贸n Metropolitana"
Celular xiaomi redmi 11 ,140000,08-06-2023,18:38:58,"Macul, Regi贸n Metropolitana"
"Celular Xiaomi Redmi Note 11 Pro, casi nuevo",170000,06-06-2023,18:34:34,"Santiago, Regi贸n Metropolitana"
Xiaomi 12 pro,500000,06-06-2023,17:53:15,"Providencia, Regi贸n Metropolitana"
Celular embalado Xiaomi Redmi Note 12,100000,06-06-2023,15:30:14,"Puente Alto, Regi贸n Metropolitana"
Xiaomi redmi 9t,60000,06-06-2023,13:39:18,"Santiago, Regi贸n Metropolitana"
Xiomi redmi note 12,150000,06-06-2023,11:59:24,"El Bosque, Regi贸n Metropolitana"
Xiaomi Redmi 9C Dual SIM 32 GB,80000,05-06-2023,22:25:17,"Santiago, Regi贸n Metropolitana"
Xiaomi redmi note 8 pro,75000,05-06-2023,21:42:42,"Lo Prado, Regi贸n Metropolitana"
Xiaomi redmi 10s,75000,05-06-2023,20:44:00,"Las Condes, Regi贸n Metropolitana"
Xiaomi Redmi note 8,60000,05-06-2023,19:45:26,"u帽oa, Regi贸n Metropolitana"
"Reloj ""Xiaomi Watch s1 active""",165000,05-06-2023,19:16:42,"Quilicura, Regi贸n Metropolitana"
Xiaomi x 3 pro 256 gb,150000,04-06-2023,22:11:57,"San Bernardo, Regi贸n Metropolitana"
Redmi Note 9 Pro Xiaomi,165000,04-06-2023,21:24:01,"La Granja, Regi贸n Metropolitana"
Celular xiaomi redmi 5g,100000,04-06-2023,12:34:13,"La Florida, Regi贸n Metropolitana"
Reloj MI Watch Xiaomi ,70000,03-06-2023,20:19:58,"La Florida, Regi贸n Metropolitana"
Smartband Xiaomi Mi band,60000,02-06-2023,20:25:55,"La Florida, Regi贸n Metropolitana"
Xiaomi Redmi Note 12 Mint Green 128/4 GB,109000,02-06-2023,15:23:49,"Providencia, Regi贸n Metropolitana"
Xiaomi Redmi Note 9,100000,02-06-2023,02:22:55,"Santiago, Regi贸n Metropolitana"
Xiaomi 11 pro,260,01-06-2023,16:11:44,"Recoleta, Regi贸n Metropolitana"
Cargador Xiaomi original 67W,21000,01-06-2023,09:06:12,"Santiago, Regi贸n Metropolitana"
Cargador Xiaomi original 120w,30000,01-06-2023,09:03:40,"Santiago, Regi贸n Metropolitana"
Xiaomi redmi a 10 inpeque nuevo ,150000,31-05-2023,20:47:51,"Pe帽alol茅n, Regi贸n Metropolitana"
Xiaomi Redmo Note Pro 9,80000,31-05-2023,19:20:24,"La Cisterna, Regi贸n Metropolitana"
Xiaomi redmi 11 pro 5G (nuevo sellado),220000,31-05-2023,15:45:27,"Santiago, Regi贸n Metropolitana"
Xiaomi 9T ( nuevo sellado),110000,31-05-2023,15:39:22,"Santiago, Regi贸n Metropolitana"
Celular xiaomi redmi note 12 128 gb nuevo sellado,150000,31-05-2023,12:19:29,"Estaci贸n Central, Regi贸n Metropolitana"
Xiaomi Mi 9T,120000,31-05-2023,11:12:02,"Padre Hurtado, Regi贸n Metropolitana"
Xiaomi 12 lite,400000,30-05-2023,16:35:26,"u帽oa, Regi贸n Metropolitana"
Xiaomi Redmi Buds 4 Pro Black (Audifonos),50000,30-05-2023,14:38:53,"u帽oa, Regi贸n Metropolitana"
Xiaomi Redmi Note 11 pro 5g,250000,29-05-2023,21:43:33,"Macul, Regi贸n Metropolitana"
Xiaomi Note 11T PRO 256GB,215000,27-05-2023,18:32:12,"San Miguel, Regi贸n Metropolitana"
Xiaomi 10t pro 256gb 8+3 de RAM 240 tiene todo,240000,27-05-2023,16:19:32,"Santiago, Regi贸n Metropolitana"
Xiamoi 11 t pro,280000,27-05-2023,12:12:07,"Recoleta, Regi贸n Metropolitana"
Xaomi 10 T v o p,130,27-05-2023,10:20:18,"La Pintana, Regi贸n Metropolitana"
Xiaomi redmi 10 5g,80000,26-05-2023,21:27:02,"Lo Prado, Regi贸n Metropolitana"
Xiaomi redmi note 8,190000,26-05-2023,20:19:22,"u帽oa, Regi贸n Metropolitana"
Xiaomi 11 Lite 5G NE,120000,26-05-2023,12:38:02,"Puente Alto, Regi贸n Metropolitana"
"Celular Xiaomi X3 Pro 128gb, 6gb Ram",150000,26-05-2023,11:26:45,"Huechuraba, Regi贸n Metropolitana"
Xiaomi 10T,75000,26-05-2023,09:04:06,"Pedro Aguirre Cerda, Regi贸n Metropolitana"
Celular Xiaomi redmi note 9,160000,26-05-2023,08:36:47,"Estaci贸n Central, Regi贸n Metropolitana"
Celular Xiomi redmi 10 (5G),80000,25-05-2023,21:55:35,"Puente Alto, Regi贸n Metropolitana"
Tel茅fono Xiaomi Redmi Note 10 5g,160000,25-05-2023,14:08:01,"u帽oa, Regi贸n Metropolitana"
Xiaomi Redmi note 11S,3000,24-05-2023,20:27:11,"Renca, Regi贸n Metropolitana"
Funda para xiaomi 11 lite 5g ne,130000,24-05-2023,19:55:17,"San Miguel, Regi贸n Metropolitana"
Xiaomi redmi note 10 5g,12000,22-05-2023,19:32:27,"La Florida, Regi贸n Metropolitana"
Xiaomi 10A 128 g,280000,22-05-2023,14:43:10,"Maip煤, Regi贸n Metropolitana"
Xiaomi red mi note 11s 5g,230000,22-05-2023,12:30:48,"Lo Prado, Regi贸n Metropolitana"
Xiaomi 11T 256GB,90000,21-05-2023,12:08:46,"Pudahuel, Regi贸n Metropolitana"
Xiaomi 11t pro sin detalles ,500000,21-05-2023,09:14:15,"Las Condes, Regi贸n Metropolitana"
Xiaomi Redmi Note 8 Pro,130000,21-05-2023,04:01:37,"u帽oa, Regi贸n Metropolitana"
Xiaomi 12 t pro,100000,20-05-2023,21:24:03,"Maip煤, Regi贸n Metropolitana"
Xaomi 10 T,330000,20-05-2023,20:45:40,"La Pintana, Regi贸n Metropolitana"
Xiaomi amazfit gts 3 by zeep,100000,19-05-2023,23:44:54,"San Miguel, Regi贸n Metropolitana"
Xiaomi 11t pro,220000,19-05-2023,21:42:00,"Talagante, Regi贸n Metropolitana"
Celular xaomi 11 t pro,170000,19-05-2023,19:39:39,"Independencia, Regi贸n Metropolitana"
Xiaomi Redmi Note 10S,120000,19-05-2023,15:01:03,"Macul, Regi贸n Metropolitana"
Xiaomi 11T,95000,18-05-2023,21:48:07,"Pe帽alol茅n, Regi贸n Metropolitana"
Xiaomi Redmi Note 11,110000,18-05-2023,18:54:14,"Maip煤, Regi贸n Metropolitana"
Xiaomi note 10 lite ,80000,18-05-2023,16:56:02,"La Florida, Regi贸n Metropolitana"
Celular xiaomi,300000,18-05-2023,15:19:05,"San Miguel, Regi贸n Metropolitana"
Xiaomi 12c,230000,18-05-2023,14:25:16,"Santiago, Regi贸n Metropolitana"
reloj Xiaomi ,250000,18-05-2023,13:40:36,"Huechuraba, Regi贸n Metropolitana"
Xioami redmi note 11 pro 5g,200000,18-05-2023,09:35:11,"Las Condes, Regi贸n Metropolitana"
Xiaomi 5g T11,80000,17-05-2023,22:27:21,"San Miguel, Regi贸n Metropolitana"
Xiaomi 11T 256GB,8000,17-05-2023,09:11:34,"Maip煤, Regi贸n Metropolitana"
Xiaomi Note 10 en excelentes condiciones,18000,16-05-2023,14:30:08,"La Florida, Regi贸n Metropolitana"
Celular Redmi xiaomi dual sim128gb,80000,15-05-2023,23:16:35,"Pe帽alol茅n, Regi贸n Metropolitana"
Parlante MI Xiomi,130000,15-05-2023,19:31:54,"Pudahuel, Regi贸n Metropolitana"
Bascula MI Xiaomi,170000,15-05-2023,18:57:45,"Pudahuel, Regi贸n Metropolitana"
Xiaomi redmi note 9 128gb / 4gb ram + 2,5900,15-05-2023,15:49:27,"Macul, Regi贸n Metropolitana"
NUEVO - XIAOMI Redmi 10,8900,15-05-2023,15:22:46,"Vitacura, Regi贸n Metropolitana"
Xiaomi mi 10T,10500,15-05-2023,13:59:04,"Conchal铆, Regi贸n Metropolitana"
Lente Camara Trasera Xiaomi Redmi Note 9 Pro 9s,6500,15-05-2023,13:22:23,"Macul, Regi贸n Metropolitana"
Flex Main Xiaomi Redmi Note 9s / 9 Pro,39900,15-05-2023,13:21:57,"Macul, Regi贸n Metropolitana"
Flex Carga Compatible Xiaomi Redmi Note 9s Y Note,290000,15-05-2023,12:27:40,"Macul, Regi贸n Metropolitana"
Lente Camara Trasera Xiaomi Redmi Note 9 PRO,140000,15-05-2023,12:22:39,"Macul, Regi贸n Metropolitana"
Pantalla Xiaomi Redmi Note 9 Pro / Note 9s,250000,15-05-2023,12:02:26,"Macul, Regi贸n Metropolitana"
xioami 12,160000,14-05-2023,17:38:27,"Puente Alto, Regi贸n Metropolitana"
Xiaomi Redmi note 10s,100000,10-05-2023,14:10:11,"u帽oa, Regi贸n Metropolitana"
Xiami redmi 12c,95000,09-05-2023,22:25:56,"San Miguel, Regi贸n Metropolitana"
Xiaomi note 10s,90000,09-05-2023,21:39:47,"Lo Espejo, Regi贸n Metropolitana"
Celular Xaomi Note 10 5G,100000,09-05-2023,14:25:49,"Lo Prado, Regi贸n Metropolitana"
Xiaomi Redmi Note 12 5G,150000,09-05-2023,12:34:20,"Macul, Regi贸n Metropolitana"
Xiaomi redmi note 9,90000,08-05-2023,15:31:00,"San Bernardo, Regi贸n Metropolitana"
Xiaomi 12 lite,190000,08-05-2023,13:30:46,"San Bernardo, Regi贸n Metropolitana"
"Smartphone Xiaomi Redmi 10 5G 128 GB, DualSIM",150000,08-05-2023,12:46:30,"Santiago, Regi贸n Metropolitana"
Xiaomi 12c,80000,07-05-2023,20:24:03,"Santiago, Regi贸n Metropolitana"
Xiaomi 11 Lite 5g NE,200,05-05-2023,15:28:09,"La Florida, Regi贸n Metropolitana"
Xiaomi redmi note 9s,90000,05-05-2023,06:44:24,"Santiago, Regi贸n Metropolitana"
Xiaomi 10 5G,150000,04-05-2023,12:42:24,"u帽oa, Regi贸n Metropolitana"
Lente Camara Trasera Xiaomi Redmi 9c,7500,04-05-2023,12:15:37,"Providencia, Regi贸n Metropolitana"
Flex De Carga Xiaomi Redmi 9a,8500,04-05-2023,12:14:56,"Providencia, Regi贸n Metropolitana"
Pantalla Xiaomi Redmi 9c / Redmi 9a,31900,04-05-2023,12:14:31,"Providencia, Regi贸n Metropolitana"
Xiaomi Redmi Note 5 Flex Boton Encendido Y Volumen,7500,04-05-2023,12:14:16,"Providencia, Regi贸n Metropolitana"
Xiaomi Redmi note 8 128gb,90000,04-05-2023,01:24:50,"La Florida, Regi贸n Metropolitana"
Xiaomi Mi 11,400000,03-05-2023,21:04:03,"Lo Barnechea, Regi贸n Metropolitana"
Redmi xiaomi 10tpro nuevo,100000,03-05-2023,19:20:10,"Calera de Tango, Regi贸n Metropolitana"
Xiaomi Redmi 9,35000,03-05-2023,15:19:39,"Santiago, Regi贸n Metropolitana"
Xiaomi redmi note 9 pro,110000,02-05-2023,23:21:13,"Melipilla, Regi贸n Metropolitana"
Nueva Smart ban xiaomi 2,25000,02-05-2023,17:11:21,"Quilicura, Regi贸n Metropolitana"
Smartwatch Xiaomi,60000,02-05-2023,09:16:53,"La Florida, Regi贸n Metropolitana"
Xiaomi 11t dual sim detalle,110000,01-05-2023,23:10:03,"Padre Hurtado, Regi贸n Metropolitana"
Xiaomi Redmi Note 11Pro 5G DualSIM Azul Como Nuevo,215000,01-05-2023,22:17:51,"Pe帽alol茅n, Regi贸n Metropolitana"
Celular REDMI XIAOMI 13,80000,01-05-2023,18:19:17,"La Florida, Regi贸n Metropolitana"
Cargadores xiaomi ,15000,01-05-2023,14:42:53,"Independencia, Regi贸n Metropolitana"
Celular Xiaomi 12 Lite 5G,270000,01-05-2023,14:41:07,"Santiago, Regi贸n Metropolitana"
Celular Xiaomi Redmi 12c,130000,01-05-2023,01:20:56,"Santiago, Regi贸n Metropolitana"
 Xiaomi redmi 10c 128 gb,90000,29-04-2023,19:56:29,"Lo Prado, Regi贸n Metropolitana"
Xiaomi 12,320000,29-04-2023,17:19:42,"Quilicura, Regi贸n Metropolitana"
Xiaomi excelente estado,130000,27-04-2023,20:07:15,"Lampa, Regi贸n Metropolitana"
Xiaomi Redmi Note 11S 6GB RAM 108MP - Gris,150000,27-04-2023,18:49:50,"Santiago, Regi贸n Metropolitana"
Xiaomi 12c,120000,27-04-2023,00:30:12,"San Miguel, Regi贸n Metropolitana"
Smartwach Xiaomi Mi WATCH Pantalla 1.39,100000,25-04-2023,21:19:58,"Santiago, Regi贸n Metropolitana"
Xiaomi 11T celestial blue y aud铆fonos,320000,25-04-2023,13:20:13,"La Florida, Regi贸n Metropolitana"
Xiaomi redmi12c,120000,25-04-2023,10:20:47,"Quinta Normal, Regi贸n Metropolitana"
Xiaomi redmi note 10s,180000,24-04-2023,18:50:33,"Santiago, Regi贸n Metropolitana"
Xiaomi redmi 10c,130000,24-04-2023,18:50:22,"Santiago, Regi贸n Metropolitana"
Redmi Watch 2 lite Xiaomi,40000,24-04-2023,15:16:49,"Melipilla, Regi贸n Metropolitana"
Xiaomi poco x3 pro en muy buen estado,150000,24-04-2023,12:58:59,"Macul, Regi贸n Metropolitana"
Xiaomi Mi 9t Pro,200000,24-04-2023,02:52:45,"Estaci贸n Central, Regi贸n Metropolitana"
Celular Xiaomi red mi 9 64gb,70000,23-04-2023,19:30:19,"Maip煤, Regi贸n Metropolitana"
Xiaomi Mi11 Lite5GNE 8GB de ram en perfecto estado,220000,23-04-2023,19:28:45,"La Florida, Regi贸n Metropolitana"
Celular Xiaomi redmi 10 2022,130000,23-04-2023,18:33:50,"Maip煤, Regi贸n Metropolitana"
Xiaomi 11t pro,290000,23-04-2023,16:02:16,"San Miguel, Regi贸n Metropolitana"
V o P Xiaomi Poco F3 5g,230000,23-04-2023,03:02:23,"Santiago, Regi贸n Metropolitana"
Xiaomi poco 3 NFC,110000,22-04-2023,19:16:18,"Renca, Regi贸n Metropolitana"
Xiaomi redmi note 11 pro como nuevo,180000,21-04-2023,12:30:55,"u帽oa, Regi贸n Metropolitana"
Pantalla Xiaomi Redmi Note 8,34900,21-04-2023,11:32:22,"Macul, Regi贸n Metropolitana"
Celular xiaomi redmi 10a ,60000,20-04-2023,19:31:52,"Recoleta, Regi贸n Metropolitana"
Xiaomi Redmi note 8,85000,20-04-2023,18:21:17,"Las Condes, Regi贸n Metropolitana"
Xiaomi Redmi Note 11s SELLADO,250000,19-04-2023,15:59:38,"Quinta Normal, Regi贸n Metropolitana"
Xiaomi 12,280000,19-04-2023,11:33:14,"Quilicura, Regi贸n Metropolitana"
Xiaomi S1 active,95000,18-04-2023,23:11:11,"La Florida, Regi贸n Metropolitana"
Xiaomi redmin note 10 pro,140000,18-04-2023,21:15:25,"San Miguel, Regi贸n Metropolitana"
Xiaomi 12 5g,320000,18-04-2023,19:48:02,"La Reina, Regi贸n Metropolitana"
Xiaomi 11 t pro,2100000,18-04-2023,18:51:10,"Lo Prado, Regi贸n Metropolitana"
Xiaomi redmi 10,100000,18-04-2023,13:39:16,"Santiago, Regi贸n Metropolitana"
Xiaomi Redmi 10C,160000,17-04-2023,14:02:39,"San Joaqu铆n, Regi贸n Metropolitana"
Xiaomi Mi11 - Pantalla da帽ada,235000,17-04-2023,07:54:39,"Providencia, Regi贸n Metropolitana"
Xiaomi 11 Lite 5g ne,110000,17-04-2023,02:25:58,"Pudahuel, Regi贸n Metropolitana"
Xiaomi 12 lite,280000,15-04-2023,21:57:00,"Estaci贸n Central, Regi贸n Metropolitana"
Xiaomi redmi note 9 pro,120000,14-04-2023,19:07:54,"Lo Espejo, Regi贸n Metropolitana"
Xiaomi Redmi note 9S,100000,14-04-2023,02:17:48,"La Florida, Regi贸n Metropolitana"
XIAOMI MI Note 10 EN PERFECTO ESTADO,200000,13-04-2023,17:41:17,"Providencia, Regi贸n Metropolitana"
Smartwatch my Watch xiaomi,60000,13-04-2023,15:09:52,"El Bosque, Regi贸n Metropolitana"
Celular Xiaomi redmi note 10 pro,160000,12-04-2023,10:35:39,"Quilicura, Regi贸n Metropolitana"
Xiaomi 11T pro,200000,11-04-2023,23:15:32,"Huechuraba, Regi贸n Metropolitana"
Celular Xaomi Poco X3 nfc 6gb ram 64gb,70000,11-04-2023,22:05:28,"Providencia, Regi贸n Metropolitana"
Xaomi poco F3 excelentes condiciones,280000,11-04-2023,12:20:55,"Pe帽alol茅n, Regi贸n Metropolitana"
Mi Band 4 xiaomi,15000,11-04-2023,10:24:14,"Providencia, Regi贸n Metropolitana"
Xiaomi 11 pro,100000,11-04-2023,06:46:55,"Pudahuel, Regi贸n Metropolitana"
Xiaomi 11T Pro 256gb,350000,10-04-2023,21:12:56,"Vitacura, Regi贸n Metropolitana"
Xiaomi Redmi note 9s,120000,10-04-2023,21:09:06,"Macul, Regi贸n Metropolitana"
Xiaomi redmi 9t,70000,10-04-2023,17:46:51,"Estaci贸n Central, Regi贸n Metropolitana"
Celular Xiaomi Mi 10 T pro ,330000,10-04-2023,14:55:19,"Santiago, Regi贸n Metropolitana"
Xiaomi redmi note s11,100000,10-04-2023,02:52:44,"Recoleta, Regi贸n Metropolitana"
Xaomi Redmi Note 11 Pro 5G,230000,08-04-2023,18:15:30,"Maip煤, Regi贸n Metropolitana"
Celular Nuevo Xaomi Redmi Note 11 5G,220000,08-04-2023,14:24:01,"San Joaqu铆n, Regi贸n Metropolitana"
Vidrio Lente Camara Trasera Xiaomi Mi 11t / Pro +,4900,08-04-2023,11:51:24,"Macul, Regi贸n Metropolitana"
Xiomi 12 pro sin detalles leer abajo,390000,07-04-2023,19:00:33,"La Cisterna, Regi贸n Metropolitana"
Smartwatch Xiaomi Amazfit GTS 2,115000,07-04-2023,13:38:40,"Santiago, Regi贸n Metropolitana"
Pantalla y marco Xiaomi redmi note 8,35000,06-04-2023,19:33:07,"Santiago, Regi贸n Metropolitana"
"Xaomi 12 pro, 256GB, Color purpura",500000,06-04-2023,16:15:31,"Quinta Normal, Regi贸n Metropolitana"
Xiaomi Redmi Note 10 5g,120000,05-04-2023,18:41:37,"Quinta Normal, Regi贸n Metropolitana"
Celular Xaomi Redmi10 5G 128 GB-NUEVO SELLADO,130000,05-04-2023,15:17:07,"El Bosque, Regi贸n Metropolitana"
Xiomi mi 11 lite,150000,05-04-2023,14:28:46,"Santiago, Regi贸n Metropolitana"
Xiaomi t11 pro,250,04-04-2023,14:35:10,"Maip煤, Regi贸n Metropolitana"
Xiaomi redmi note 9,80000,04-04-2023,14:16:46,"Santiago, Regi贸n Metropolitana"
Xiaomi wathc s1 active,50000,03-04-2023,22:16:54,"La Florida, Regi贸n Metropolitana"
Xiaomi Redmi 10C 128GB,170000,03-04-2023,19:56:59,"Puente Alto, Regi贸n Metropolitana"
Celular Xiaomi Redmi Note 10S ,150000,03-04-2023,14:58:46,"La Pintana, Regi贸n Metropolitana"
Xiaomi redmi note 9 128bg,90000,03-04-2023,14:17:05,"La Pintana, Regi贸n Metropolitana"
Xaomi T11,150000,31-03-2023,23:42:05,"La Florida, Regi贸n Metropolitana"
Xiaomi 12 lite 5g,250000,31-03-2023,17:35:08,"La Cisterna, Regi贸n Metropolitana"
Xiaomi redmi note 9 pro,100000,31-03-2023,15:59:15,"La Reina, Regi贸n Metropolitana"
Celular xiaomi redmi 11s,90000,31-03-2023,10:05:38,"Santiago, Regi贸n Metropolitana"
Xiaomi Smart Band 7 Pro 1.64,59990,30-03-2023,17:49:58,"Las Condes, Regi贸n Metropolitana"
Xiomi redmi 10 pro,150000,30-03-2023,14:38:11,"Puente Alto, Regi贸n Metropolitana"
Xiaomi 12T Pro,550000,25-03-2023,19:24:03,"Maip煤, Regi贸n Metropolitana"
xiaomi 10S en perfecto estado,90000,25-03-2023,15:10:10,"Puente Alto, Regi贸n Metropolitana"
Xiaomi Redmi note 11,180000,25-03-2023,13:22:11,"Colina, Regi贸n Metropolitana"
Xiaomi redmi note 10 5g,100000,24-03-2023,20:51:10,"Santiago, Regi贸n Metropolitana"
Xiaomi 12T,320000,24-03-2023,19:58:23,"Providencia, Regi贸n Metropolitana"
Xiaomi,200000,24-03-2023,18:29:04,"Santiago, Regi贸n Metropolitana"
Celular xiaomi A1 Nuevo,100000,24-03-2023,15:28:59,"Maip煤, Regi贸n Metropolitana"
Xiaomi 11 Lite 5G,220000,24-03-2023,15:16:01,"Santiago, Regi贸n Metropolitana"
Xiaomi Redmi Note 11S,130000,24-03-2023,12:52:46,"Santiago, Regi贸n Metropolitana"
Carcasas Protectoras Xiaomi 11T - 11TPro (Nuevas),7990,24-03-2023,11:48:58,"Santiago, Regi贸n Metropolitana"
Celular Xiaomi 9T,60000,24-03-2023,10:02:56,"Puente Alto, Regi贸n Metropolitana"
"Xiaomi 12 como nuevo, impecable",330000,23-03-2023,20:45:08,"Lo Barnechea, Regi贸n Metropolitana"
Xiaomi redmi 9 pro 128g,85000,23-03-2023,20:33:18,"Santiago, Regi贸n Metropolitana"
Celular Xiaomi poco x3 pro,150000,23-03-2023,17:04:12,"Puente Alto, Regi贸n Metropolitana"
Xiaomi MI 12 Lite ,240000,23-03-2023,15:33:42,"San Bernardo, Regi贸n Metropolitana"
Xiaomi redmi 10c,90000,22-03-2023,22:44:28,"Vitacura, Regi贸n Metropolitana"
Flotador Bobber Gopro 7 6 5 4 3+ 3 2 Sj Xiaomi Env,19990,22-03-2023,13:29:57,"Providencia, Regi贸n Metropolitana"
Xiaomi Redmi note 11s 128 gb,160000,22-03-2023,12:43:29,"Pudahuel, Regi贸n Metropolitana"
Xiaomi Redmi Note 11,120000,22-03-2023,09:23:28,"Puente Alto, Regi贸n Metropolitana"
Xiaomi Mi Mix 3 / snapdragon 845 / 128gb,150000,21-03-2023,15:02:00,"Maip煤, Regi贸n Metropolitana"
Xiaomi Reloj Smartwatch S1 Active Blanco Nuevo,90000,20-03-2023,14:42:55,"Las Condes, Regi贸n Metropolitana"
Xiaomi redmi note 11,250000,19-03-2023,23:33:04,"Las Condes, Regi贸n Metropolitana"
Xiomi redmi 10,130000,19-03-2023,15:28:52,"Pe帽alol茅n, Regi贸n Metropolitana"
Nuevo Xiaomi Red mi 11 Pro,280000,18-03-2023,14:48:07,"Puente Alto, Regi贸n Metropolitana"
Xiaomi Poco F3,280000,18-03-2023,14:40:30,"Estaci贸n Central, Regi贸n Metropolitana"
Celular xiaomi 128 gb,120000,17-03-2023,12:27:29,"San Joaqu铆n, Regi贸n Metropolitana"
Xiaomi 11 Lite 5g 128gb pantalla rota,100000,17-03-2023,12:10:04,"Santiago, Regi贸n Metropolitana"
Xiaomi 11 lite 5g 128gb,110000,17-03-2023,11:48:41,"Santiago, Regi贸n Metropolitana"
Xiaomi Redmi Watch 2 Lite color black,40000,16-03-2023,18:48:44,"Quilicura, Regi贸n Metropolitana"
Xiaomi redmi 10A,120000,15-03-2023,22:19:35,"Pedro Aguirre Cerda, Regi贸n Metropolitana"
Celular xiaomi 9,100000,15-03-2023,20:19:26,"u帽oa, Regi贸n Metropolitana"
Xiaomi redmi 10A,100000,13-03-2023,20:49:35,"Estaci贸n Central, Regi贸n Metropolitana"
Xiaomi 11T Pro 256GB/ 8GB RAM y Smartwatch boleta,380000,12-03-2023,16:22:50,"La Cisterna, Regi贸n Metropolitana"
Celular Xiaomi Redmi 10 5G,75000,12-03-2023,15:34:24,"El Bosque, Regi贸n Metropolitana"
Xiaomi redmi 10,150000,12-03-2023,15:32:41,"La Florida, Regi贸n Metropolitana"
Xiaomi 10T Pro,290000,10-03-2023,13:19:05,"Vitacura, Regi贸n Metropolitana"
Xiaomi Mi Band 4,11000,09-03-2023,19:02:14,"Quilicura, Regi贸n Metropolitana"
Xiaomi M10T PRO,250000,09-03-2023,11:46:42,"Talagante, Regi贸n Metropolitana"
Xiaomi Redmi A1,100000,09-03-2023,02:36:18,"Providencia, Regi贸n Metropolitana"
Xiaomi poco F3 Usado en muy buen estado ,290,08-03-2023,13:18:22,"Estaci贸n Central, Regi贸n Metropolitana"
Xiaomi Redmi 9A,80000,08-03-2023,03:09:53,"Recoleta, Regi贸n Metropolitana"
Celular Xiami 11TPro,330000,07-03-2023,18:27:52,"San Bernardo, Regi贸n Metropolitana"
Xiaomi 10 5g graphite gray,150000,07-03-2023,14:11:52,"San Ram贸n, Regi贸n Metropolitana"
Xaomi redmi note 10.128 g,120000,07-03-2023,13:46:28,"Santiago, Regi贸n Metropolitana"
Xaomi redmi note 10,120000,06-03-2023,08:29:24,"Santiago, Regi贸n Metropolitana"
Xiaomi redmi 10c,120000,06-03-2023,04:09:35,"Pe帽alol茅n, Regi贸n Metropolitana"
Xiaomi Redmi Note 9 Pro,85000,05-03-2023,19:28:34,"Santiago, Regi贸n Metropolitana"
Xiaomi redmi 10A,85000,05-03-2023,15:43:34,"La Florida, Regi贸n Metropolitana"
Smartwatch Xiaomi s1 active,60000,04-03-2023,14:48:01,"Santiago, Regi贸n Metropolitana"
Xiaomi redmi note 10 PRO 128 gigas,150000,04-03-2023,13:14:04,"Lo Prado, Regi贸n Metropolitana"
Xiaomi redmi note 11 pro,130000,03-03-2023,20:26:08,"Pe帽alol茅n, Regi贸n Metropolitana"
Xiaomi mi note 10 lite,250000,03-03-2023,13:13:36,"Santiago, Regi贸n Metropolitana"
Xiaomi POCO F3 Deep Ocen Blue 8GB 256GB,90000,03-03-2023,01:09:43,"Quilicura, Regi贸n Metropolitana"
Xiaomi REDMI 9 -Carbon Gray- 4GB 64GB,185000,03-03-2023,01:07:58,"Quilicura, Regi贸n Metropolitana"
Xiaomi redmi note 11s White ,150000,02-03-2023,21:26:52,"Maip煤, Regi贸n Metropolitana"
"Xiaomi POCO X3 pro, celular en buen estado",190000,02-03-2023,16:01:26,"Maip煤, Regi贸n Metropolitana"
Xiaomi Red mi Note 10s,95000,01-03-2023,21:58:07,"La Pintana, Regi贸n Metropolitana"
Xiaomi redmi 10 5G,140000,28-02-2023,19:07:14,"Maip煤, Regi贸n Metropolitana"
Xiaomi Mi A3 Lite Kind of Grey,180,28-02-2023,18:55:45,"Maip煤, Regi贸n Metropolitana"
Redmi Note 11 Xiaomi Sirve para 2 chip IMPECABLE,120000,28-02-2023,17:04:43,"La Reina, Regi贸n Metropolitana"
Xiaomi Redmi Note 9 pro,65000,28-02-2023,17:02:52,"Quinta Normal, Regi贸n Metropolitana"
Xiaomi redmi 9 m谩s Nokia c01plus,110000,28-02-2023,15:22:18,"Pedro Aguirre Cerda, Regi贸n Metropolitana"
Xiaomi Redmi Note 10S 128GB,120000,28-02-2023,01:39:53,"Estaci贸n Central, Regi贸n Metropolitana"
Celular xiaomi redmi note 10s,200000,27-02-2023,14:58:29,"Quinta Normal, Regi贸n Metropolitana"
Xiaomi Mi 9 Nuevo,190000,26-02-2023,17:33:31,"Maip煤, Regi贸n Metropolitana"
Xiaomi Redmi Note 11 Pro Graphite Gray,135000,26-02-2023,16:42:04,"Maip煤, Regi贸n Metropolitana"
Xiaomi redmi 10,240000,26-02-2023,16:37:00,"Santiago, Regi贸n Metropolitana"
Xiaomi redmi note 11 pro,55000,26-02-2023,11:52:17,"La Granja, Regi贸n Metropolitana"
Xiaomi redmi 9a ,380000,25-02-2023,10:24:39,"Independencia, Regi贸n Metropolitana"
Xiaomi 11t pro,160000,24-02-2023,23:45:12,"Renca, Regi贸n Metropolitana"
Xiaomi mi 11 lite 5 g,305000,24-02-2023,20:29:07,"Providencia, Regi贸n Metropolitana"
Xiaomi mi pad 5 (conversable),120000,24-02-2023,19:20:53,"Puente Alto, Regi贸n Metropolitana"
Celulares a 120 xiaomy y motorola 120,170000,24-02-2023,18:16:01,"Independencia, Regi贸n Metropolitana"
Xiaomi Redmi Note 11 128 GB,180000,24-02-2023,11:39:49,"Las Condes, Regi贸n Metropolitana"
Xiaomi Mi 10t 5g 128 Gb/ 8 Gb Ram PRECIO CONVERSAB,180000,23-02-2023,20:06:54,"Cerro Navia, Regi贸n Metropolitana"
Xiomi redmi note 10s pebble white,150000,23-02-2023,11:04:49,"Renca, Regi贸n Metropolitana"
Xiaomi poco X3 pro,220000,23-02-2023,00:32:18,"La Cisterna, Regi贸n Metropolitana"
Xiaomi Redmi Note 11 Pro 5g Color Gris,250000,22-02-2023,19:17:58,"Puente Alto, Regi贸n Metropolitana"
Xiaomi 10tpro,130000,22-02-2023,10:40:09,"Talagante, Regi贸n Metropolitana"
Xiaomi redmi note 11,130000,21-02-2023,23:36:16,"Las Condes, Regi贸n Metropolitana"
Xiaomi Redmi 10 5G 128GB,350000,21-02-2023,22:13:09,"Santiago, Regi贸n Metropolitana"
Celular xiaomi 12 Lite y Smart wacht retmi a,165000,21-02-2023,19:34:47,"Puente Alto, Regi贸n Metropolitana"
Celular Xiaomi 10t pro,28000,21-02-2023,17:40:05,"Puente Alto, Regi贸n Metropolitana"
Reloj Xiaomi Redmi 2 Lite (nuevo),465000,21-02-2023,15:30:30,"Santiago, Regi贸n Metropolitana"
Xiaomi 12 Pro celeste,90000,21-02-2023,12:52:00,"Puente Alto, Regi贸n Metropolitana"
Xiaomi Redmi 9T 128 GB 48 MEGAPXELES,150000,21-02-2023,04:54:23,"Las Condes, Regi贸n Metropolitana"
Xiaomi Redmi 10 5g,80000,20-02-2023,23:10:35,"Lo Prado, Regi贸n Metropolitana"
Xiami pro10 conversable,150000,20-02-2023,18:43:41,"Santiago, Regi贸n Metropolitana"
Xiaomi redmi 9,60000,20-02-2023,10:17:29,"Renca, Regi贸n Metropolitana"
Xiaomi Watch S1 Active Gl,100000,19-02-2023,17:26:20,"Macul, Regi贸n Metropolitana"
Xiaomi PocoX3 Pro,230000,19-02-2023,17:21:54,"Estaci贸n Central, Regi贸n Metropolitana"
Xiaomi redmi 10 5g,110000,17-02-2023,22:21:37,"Quinta Normal, Regi贸n Metropolitana"
Xiaomi Note 10 5G,100000,17-02-2023,22:08:41,"La Florida, Regi贸n Metropolitana"
Celular Xiaomi Redmi 10 5G Nuevo,150000,17-02-2023,19:16:01,"Las Condes, Regi贸n Metropolitana"
Xiaomi 12 (normal),390000,17-02-2023,09:30:33,"San Miguel, Regi贸n Metropolitana"
Smartwatch Xiaomi Wear OS (Ingl茅s-Chino),74990,17-02-2023,05:14:18,"Santiago, Regi贸n Metropolitana"
Xiaomi Mi watch black,65000,16-02-2023,23:27:32,"Pudahuel, Regi贸n Metropolitana"
Xiaomi 11 Lite,200000,16-02-2023,23:10:33,"Santiago, Regi贸n Metropolitana"
Xiaomi redmi 9,55000,16-02-2023,10:45:51,"Quilicura, Regi贸n Metropolitana"
Xiaomi 10 A,80000,14-02-2023,22:32:50,"Cerrillos, Regi贸n Metropolitana"
Xiaomi 10T Pro,250000,14-02-2023,10:20:39,"Puente Alto, Regi贸n Metropolitana"
Xiaomi Poco X4 Pro 5G usado,225000,13-02-2023,23:52:09,"San Miguel, Regi贸n Metropolitana"
"Carcasas Sansum, Ipone, Xiomi, Redmi",4000,12-02-2023,07:08:11,"San Joaqu铆n, Regi贸n Metropolitana"
Funda Carcasa Xioami 12T Pro Airbags Marca Xundo,13999,11-02-2023,19:08:33,"Pedro Aguirre Cerda, Regi贸n Metropolitana"
XIAOMI REDMID 10,180000,11-02-2023,13:40:37,"La Florida, Regi贸n Metropolitana"
Xiaomi Redmi 10 dual sim,90000,11-02-2023,13:03:44,"La Florida, Regi贸n Metropolitana"
Xiaomi Redmi Note 9,70000,10-02-2023,23:59:24,"La Reina, Regi贸n Metropolitana"
Xiaomi 11t 5G 256 gb detalle est茅tico,220000,10-02-2023,16:13:09,"La Florida, Regi贸n Metropolitana"
Carcasas Xiaomi Mi 11 lite,3990,09-02-2023,23:11:16,"La Granja, Regi贸n Metropolitana"
xiaomi note 10 5g ,100000,09-02-2023,22:25:27,"Conchal铆, Regi贸n Metropolitana"
Xiaomi Redmi Note 9 Pro ,100000,09-02-2023,17:34:06,"Independencia, Regi贸n Metropolitana"
Xiaomi redmi 10 5g,120000,09-02-2023,16:00:13,"La Granja, Regi贸n Metropolitana"
Xiaomi watch s1 active,80000,09-02-2023,15:11:02,"Providencia, Regi贸n Metropolitana"
Xiaomi 9s 128bg 6ran,50000,08-02-2023,14:30:22,"San Bernardo, Regi贸n Metropolitana"
Flex Main Xiaomi Redmi Note 9s / 9 Pro,8900,08-02-2023,12:36:41,"Providencia, Regi贸n Metropolitana"
Flex De Carga Compatible Xiaomi Redmi Note 9s Y No,8500,08-02-2023,12:30:40,"Providencia, Regi贸n Metropolitana"
Lente Camara Trasera Xiaomi Redmi Note 9 PRO,6500,08-02-2023,12:16:02,"Providencia, Regi贸n Metropolitana"
Xiaomi 11 t pro,180000,08-02-2023,10:32:02,"Macul, Regi贸n Metropolitana"
Aud铆fonos inal谩mbrico xiaomi redmi buds 3,30000,07-02-2023,19:52:17,"La Florida, Regi贸n Metropolitana"
Xiaomi MI 11 LITE 5G NUEVO SIN USO,240000,06-02-2023,22:00:43,"Santiago, Regi贸n Metropolitana"
Xiaomi Redmi Note 9 S,125000,06-02-2023,16:34:00,"Santiago, Regi贸n Metropolitana"
Celular xiaomi redmi note 11pro,310000,06-02-2023,15:27:11,"La Cisterna, Regi贸n Metropolitana"
Xiaomi redmi note 11,100000,05-02-2023,02:26:57,"Providencia, Regi贸n Metropolitana"
Xiaomi 11 lite 5G,200000,04-02-2023,21:34:36,"Buin, Regi贸n Metropolitana"
Xiaomi mi 11t,280000,04-02-2023,15:31:51,"Maip煤, Regi贸n Metropolitana"
Celular Xiaomi redmi note 11,130000,03-02-2023,01:50:20,"El Bosque, Regi贸n Metropolitana"
 Xiaomi redmi 9a,75000,02-02-2023,12:01:41,"San Bernardo, Regi贸n Metropolitana"
Xiaomi 11 lite neo,150,02-02-2023,11:09:50,"San Bernardo, Regi贸n Metropolitana"
Xiaomi redmi 9 64gb,65000,02-02-2023,09:35:49,"San Miguel, Regi贸n Metropolitana"
Xiaomi Poco X3 Pro,150000,02-02-2023,07:48:04,"Maip煤, Regi贸n Metropolitana"
 mi xiaomi 12 pro con telefoto,500000,31-01-2023,22:45:28,"El Bosque, Regi贸n Metropolitana"
Xiaomi Redmi A1 nuevo,100000,31-01-2023,21:05:30,"Puente Alto, Regi贸n Metropolitana"
Xiaomi S1 Active Sellado,120000,30-01-2023,16:13:37,"San Miguel, Regi贸n Metropolitana"
Xiaomi Mi 11 Pro Rom Globlal,480000,30-01-2023,10:04:49,"Santiago, Regi贸n Metropolitana"
Xiaomi redmi note 10,80000,30-01-2023,01:16:14,"Conchal铆, Regi贸n Metropolitana"
Xiaomi redmi9,100000,30-01-2023,00:02:26,"La Florida, Regi贸n Metropolitana"
Xiaomi mi 11normal permuto,14000,29-01-2023,16:38:20,"El Bosque, Regi贸n Metropolitana"
Xiaomi mi band 5 nueva (usada 2 veces),150000,29-01-2023,15:30:48,"Las Condes, Regi贸n Metropolitana"
Xiaomi redmi note 11 5g,105000,29-01-2023,05:53:49,"Macul, Regi贸n Metropolitana"
Xiaomi Redmi 9,75000,29-01-2023,00:22:25,"Independencia, Regi贸n Metropolitana"
Xiaomi Redmi note 10 pro 5G,200000,28-01-2023,22:06:33,"Padre Hurtado, Regi贸n Metropolitana"
Se  Xiaomi note 8 pro 128gb,150,28-01-2023,21:40:18,"Estaci贸n Central, Regi贸n Metropolitana"
Xiaomi 11lite 5g liberado,650000,28-01-2023,17:17:54,"San Miguel, Regi贸n Metropolitana"
Xiaomi Redmi Note 11 -128 GB Sirve para 2 Chip,150000,27-01-2023,22:26:26,"La Reina, Regi贸n Metropolitana"
Xiaomi poco X3 pro 256gb,69000,27-01-2023,02:57:48,"Lo Prado, Regi贸n Metropolitana"
Xiaomi 12Tpro 5G,90000,27-01-2023,00:49:32,"Estaci贸n Central, Regi贸n Metropolitana"
Flip Cover Xiaomi Note10Pro,6900,26-01-2023,20:02:40,"Santiago, Regi贸n Metropolitana"
Xiaomi redmi note 10 Pro,85000,25-01-2023,20:58:43,"Puente Alto, Regi贸n Metropolitana"
Xiaomi Redmi Note 7,180000,25-01-2023,14:32:00,"u帽oa, Regi贸n Metropolitana"
Xiaomi redmi 10 2022,65000,25-01-2023,12:58:29,"u帽oa, Regi贸n Metropolitana"
Lente Camara Xiaomi Redmi Note 10,80000,25-01-2023,12:44:57,"Providencia, Regi贸n Metropolitana"
Xiaomi redmi note 10s,24000,24-01-2023,23:23:51,"Puente Alto, Regi贸n Metropolitana"
Xiaomi 12 Lite ,220000,24-01-2023,18:53:56,"Lo Prado, Regi贸n Metropolitana"
Xiaomi Redmi 9A,180000,23-01-2023,23:25:27,"Santiago, Regi贸n Metropolitana"
xiaomi redmi 9c en buen estado,110000,23-01-2023,21:33:07,"Maip煤, Regi贸n Metropolitana"
Bater铆a Externa Xiaomi Redmi,250000,23-01-2023,16:13:29,"Cerrillos, Regi贸n Metropolitana"
Xiaomi redmi 11s,160000,22-01-2023,22:40:47,"Pe帽alol茅n, Regi贸n Metropolitana"
Xiaomi Redmi Note 10 Pro,100000,22-01-2023,18:23:15,"Lo Prado, Regi贸n Metropolitana"
Xiaomi Redmi Note 11 Azul 128gb,100000,22-01-2023,14:57:59,"Quilicura, Regi贸n Metropolitana"
"Xiaomi black Shark 4 8g ram, 128g, snapdragon870",229990,22-01-2023,13:28:57,"Santiago, Regi贸n Metropolitana"
Xiaomi Redmi Note 11 (Nuevo),250000,22-01-2023,01:16:58,"Macul, Regi贸n Metropolitana"
Celular Xiaomi ,125000,21-01-2023,23:19:28,"La Florida, Regi贸n Metropolitana"
Xiaomi mi mix 6g ram y 256g memoria,50000,21-01-2023,22:55:55,"Santiago, Regi贸n Metropolitana"
Xiomi 11lite 5g.nuevo en caja,130000,21-01-2023,22:04:24,"Independencia, Regi贸n Metropolitana"
Xioaomi 12 lite 128 gb 8 ram,110000,21-01-2023,00:27:43,"u帽oa, Regi贸n Metropolitana"
Xiaomi Poco X3 impecable,200000,20-01-2023,13:24:28,"El Bosque, Regi贸n Metropolitana"
Xiaomi redmi 9,120000,20-01-2023,05:46:31,"La Pintana, Regi贸n Metropolitana"
Xiaomi,50000,19-01-2023,19:58:27,"Colina, Regi贸n Metropolitana"
Xiaomi Mi 9 USADO CONVERSABLE,60000,19-01-2023,18:08:00,"Las Condes, Regi贸n Metropolitana"
Xiaomi 12 5G // 256 GB y 8+3 Ram,600000,19-01-2023,17:11:29,"Las Condes, Regi贸n Metropolitana"
Xiaomi redmi note 11pro y Xiaomi redmi note 11,100000,17-01-2023,17:11:46,"Pe帽aflor, Regi贸n Metropolitana"
Xiaomi 10 5G,200000,17-01-2023,02:30:00,"Pudahuel, Regi贸n Metropolitana"
Xiaomi Redmi 9 64 gb,100000,16-01-2023,19:36:58,"Santiago, Regi贸n Metropolitana"
Xiaomi Redmi 9A,190000,16-01-2023,16:08:03,"Puente Alto, Regi贸n Metropolitana"
Xiaomi 12 t pro 5G /256 ,95000,16-01-2023,05:44:42,"Pudahuel, Regi贸n Metropolitana"
Celular xiaomi redmi 9,80000,10-01-2023,15:22:46,"Puente Alto, Regi贸n Metropolitana"
Xiaomi 10 5G Graphite Gray 4GB RAM 128GB ROM,90000,10-01-2023,12:35:39,"Las Condes, Regi贸n Metropolitana"
Xiaomi note 10 pro 128gb,80000,10-01-2023,11:57:51,"Santiago, Regi贸n Metropolitana"
Xiaomi y huawey,210000,10-01-2023,10:11:32,"Santiago, Regi贸n Metropolitana"
Xiaomi 11 tpro,285000,09-01-2023,18:20:00,"Macul, Regi贸n Metropolitana"
Xiaomi 11 Lite,200000,09-01-2023,14:45:27,"Las Condes, Regi贸n Metropolitana"
Smartwatch xiaomi ,60000,09-01-2023,14:43:51,"Puente Alto, Regi贸n Metropolitana"
Xiaomi Redmi 10A,100000,09-01-2023,13:08:16,"Quilicura, Regi贸n Metropolitana"
Xiaomi redmi 10,70000,08-01-2023,16:13:47,"San Jos茅 de Maipo, Regi贸n Metropolitana"
Redmi 10A (Xiaomi) 64 gb,70000,08-01-2023,00:38:39,"Pe帽alol茅n, Regi贸n Metropolitana"
Xiaomi MI 10T lite,150000,07-01-2023,20:56:00,"Pe帽alol茅n, Regi贸n Metropolitana"
Xiaomi Poco x3 pro 128 Gb,128000,06-01-2023,20:04:55,"Estaci贸n Central, Regi贸n Metropolitana"
Xiaomi 12 lite Black 8gb ram 128 rom (Nuevo y sell,300000,06-01-2023,10:20:49,"u帽oa, Regi贸n Metropolitana"
Xiaomi Redmi note 9 pro,140000,06-01-2023,09:06:49,"Recoleta, Regi贸n Metropolitana"
Xiaomi watch s1 gl,170000,06-01-2023,08:28:40,"u帽oa, Regi贸n Metropolitana"
Cargador Xiaomi 67w TURBO ORIGINAL,45000,05-01-2023,15:56:53,"Maip煤, Regi贸n Metropolitana"
Cargadores XIAOMI 33w 67w 120w,175000,05-01-2023,15:52:42,"Maip煤, Regi贸n Metropolitana"
Xiaomi Redmi note 11s,200000,05-01-2023,11:09:51,"Santiago, Regi贸n Metropolitana"
Xiaomi Redmi Note 11S 5G liberado,200000,05-01-2023,10:47:20,"Providencia, Regi贸n Metropolitana"
Xiaomi 11 t 256 gb,80000,05-01-2023,01:29:36,"Pedro Aguirre Cerda, Regi贸n Metropolitana"
Tel茅fono xiaomi 9a semi nuevo,45000,04-01-2023,21:32:00,"Colina, Regi贸n Metropolitana"
Xiaomi redmi 9c,300000,04-01-2023,15:37:32,"Pirque, Regi贸n Metropolitana"
Xiaomi 11T pro,12990,04-01-2023,15:04:01,"La Pintana, Regi贸n Metropolitana"
Audifonos Xiaomi Nuevos (env铆o incluido),90000,04-01-2023,13:14:41,"Paine, Regi贸n Metropolitana"
Celular Xiaomi Red Mi Note 7,290000,04-01-2023,11:18:47,"Santiago, Regi贸n Metropolitana"
Xiaomi 12 Lite,10000,03-01-2023,21:25:39,"Santiago, Regi贸n Metropolitana"
Xioami mi Band 3 pulsera,160000,03-01-2023,17:18:01,"Las Condes, Regi贸n Metropolitana"
Xiaomi mi 10t pro de 11y256 gb ,95000,03-01-2023,16:55:33,"La Florida, Regi贸n Metropolitana"
Xiaomi Redmi 10A 64GB 3GBRAM,60000,03-01-2023,13:01:57,"Maip煤, Regi贸n Metropolitana"
Xiaomi Redmi Note 9,300000,03-01-2023,09:52:00,"Santiago, Regi贸n Metropolitana"
Xiaomi mi 11t pro,130000,02-01-2023,18:15:58,"San Bernardo, Regi贸n Metropolitana"
Tel茅fono xiaomi redmi 10 s,155000,02-01-2023,13:43:53,"Santiago, Regi贸n Metropolitana"
Xiomi note 11,180000,02-01-2023,11:48:09,"Pe帽alol茅n, Regi贸n Metropolitana"
CELULAR xiaomi NUEVO,140000,01-01-2023,19:15:26,"Cerro Navia, Regi贸n Metropolitana"
Xiaomi mi 10t reacondicionado,80000,30-12-2022,18:50:25,"Providencia, Regi贸n Metropolitana"
Xiaomi Redmi Note 10 Pro,430000,29-12-2022,22:37:39,"u帽oa, Regi贸n Metropolitana"
Xiaomi redmi note 8 pro,80000,29-12-2022,18:29:01,"Pe帽alol茅n, Regi贸n Metropolitana"
Xiaomi 12 Pro,360000,29-12-2022,10:34:05,"Las Condes, Regi贸n Metropolitana"
Xaomi a10 64gb,140000,29-12-2022,10:06:25,"San Miguel, Regi贸n Metropolitana"
Celular Xiaomi,200000,27-12-2022,16:30:38,"Santiago, Regi贸n Metropolitana"
Xiaomi redmi 10,180000,27-12-2022,10:25:06,"Santiago, Regi贸n Metropolitana"
Xiaomi Poco X3,350000,26-12-2022,19:46:27,"Pudahuel, Regi贸n Metropolitana"
Xiomi redmi 10 S10pro,80000,26-12-2022,16:21:49,"Melipilla, Regi贸n Metropolitana"
Xiaomi Mi11 256GB 8GB RAM 108MP,100000,26-12-2022,14:07:19,"Las Condes, Regi贸n Metropolitana"
Xiaomi redmi 9t usado,280000,25-12-2022,17:18:38,"Maip煤, Regi贸n Metropolitana"
Xiaomi mi 11 Lite 5g,165000,23-12-2022,15:00:01,"Estaci贸n Central, Regi贸n Metropolitana"
Xiaomi readmi c 10,95000,23-12-2022,13:08:08,"Santiago, Regi贸n Metropolitana"
Xiaomi 12 pro,550000,23-12-2022,11:51:15,"La Florida, Regi贸n Metropolitana"
Xiaomi redmi 9T black 128 g nuevo ,80000,23-12-2022,11:33:12,"Santiago, Regi贸n Metropolitana"
Xiaomi Redmi Note 10 128 GB,80000,23-12-2022,11:33:06,"Providencia, Regi贸n Metropolitana"
Xiaomi 11T Pro 128gb,400000,23-12-2022,10:46:15,"La Reina, Regi贸n Metropolitana"
Cecular Xiaomi Mi 10T Pro,250000,22-12-2022,21:35:36,"Santiago, Regi贸n Metropolitana"
Xiaomi watch s1 Active,99000,22-12-2022,14:48:00,"Maip煤, Regi贸n Metropolitana"
Xiaomi Mi 10t Pro,235000,22-12-2022,09:06:59,"Maip煤, Regi贸n Metropolitana"
Smartband Xiaomi 5,150000,21-12-2022,23:03:12,"La Florida, Regi贸n Metropolitana"
Xiaomi redmi 10 2022,210000,21-12-2022,12:49:39,"Pudahuel, Regi贸n Metropolitana"
Celular xiaomi 11t,250000,21-12-2022,10:06:52,"Maip煤, Regi贸n Metropolitana"
Xiaomi 11 t pro. permuto iPhone,250000,20-12-2022,19:08:00,"Santiago, Regi贸n Metropolitana"
"Xiaomi 10 T pro impecable, excelente estado",90000,19-12-2022,03:26:16,"u帽oa, Regi贸n Metropolitana"
Xiaomi Redmi Note 9,150000,18-12-2022,23:05:59,"Maip煤, Regi贸n Metropolitana"
Xiaomi redmi note 9 pro,320000,18-12-2022,19:33:53,"Curacav铆, Regi贸n Metropolitana"
Xiaomi 12 lite nuevo solo se abri贸 para ver,250000,18-12-2022,19:17:52,"Pedro Aguirre Cerda, Regi贸n Metropolitana"
"Xiaomi Mi 10T PRO, excelente estado, sin detalles",200000,18-12-2022,16:16:44,"u帽oa, Regi贸n Metropolitana"
Xiaomi Mi 10T Pro,180000,18-12-2022,15:46:24,"Estaci贸n Central, Regi贸n Metropolitana"
celular XIAOMI 11 LITE 5g poco uso,190000,17-12-2022,22:49:39,"Padre Hurtado, Regi贸n Metropolitana"
"Xiaomi redmi note 11, 128gb",5000,17-12-2022,17:03:11,"Puente Alto, Regi贸n Metropolitana"
2 Cajas Xiaomi 11 lite 5g ne,250000,15-12-2022,20:12:51,"Pedro Aguirre Cerda, Regi贸n Metropolitana"
Xiaomi 11 Lite 5g Ne,180000,15-12-2022,14:26:44,"San Miguel, Regi贸n Metropolitana"
Xiaomi Redmi Note 11,80000,15-12-2022,12:18:34,"San Miguel, Regi贸n Metropolitana"
Xiaomi redmi 10c,11000,15-12-2022,02:00:02,"Pe帽alol茅n, Regi贸n Metropolitana"
Carcasa Xiaomi Redmi Note 11 Pro,15000,14-12-2022,17:49:33,"Las Condes, Regi贸n Metropolitana"
Carcasa para Xiaomi Redmi Note 11 Pro,150000,14-12-2022,17:43:31,"Las Condes, Regi贸n Metropolitana"
Xiaomi poco x3PRO,110000,14-12-2022,17:16:15,"Santiago, Regi贸n Metropolitana"
Xiaomi note 11,300000,14-12-2022,00:10:35,"La Florida, Regi贸n Metropolitana"
Celular Xiaomi MI10T pro 256gb,69500,13-12-2022,22:54:58,"Las Condes, Regi贸n Metropolitana"
Smart watch xiomi S1 Active NUEVO,120000,13-12-2022,22:20:21,"La Florida, Regi贸n Metropolitana"
Xiaomi poco X3 nfc ,130000,13-12-2022,16:17:06,"San Bernardo, Regi贸n Metropolitana"
Xiaomi redmi 11 s,135000,13-12-2022,00:10:20,"Lo Barnechea, Regi贸n Metropolitana"
Xiaomi redmi note 10 pro,90000,12-12-2022,20:41:07,"La Florida, Regi贸n Metropolitana"
Xiaomi buds 3,140000,12-12-2022,08:06:58,"Santiago, Regi贸n Metropolitana"
Xiaomi watch S1 active,300000,12-12-2022,08:06:43,"Santiago, Regi贸n Metropolitana"
Celular Xiaomi 11T 256 GB 5G 8GB Ram,160000,12-12-2022,01:37:16,"Santiago, Regi贸n Metropolitana"
 celular Xiaomi 10,100000,11-12-2022,22:30:09,"La Cisterna, Regi贸n Metropolitana"
Celular xiami,200000,11-12-2022,20:22:51,"Maip煤, Regi贸n Metropolitana"
Celular xiaomi redmi note 9s,150000,11-12-2022,20:14:53,"Santiago, Regi贸n Metropolitana"
Xiaomi mi 10t pro permuto por iphone,140000,11-12-2022,19:23:52,"La Reina, Regi贸n Metropolitana"
Celular xiaomi poco f3+ cargador,450000,11-12-2022,17:41:55,"Pudahuel, Regi贸n Metropolitana"
Xaomi redminote 9 ,14990,10-12-2022,15:00:53,"Macul, Regi贸n Metropolitana"
 Celular Marca Xiaomi Redmi Note 11,75000,10-12-2022,10:44:33,"La Cisterna, Regi贸n Metropolitana"
Xiaomi redmi note 11s,150000,09-12-2022,00:14:56,"Puente Alto, Regi贸n Metropolitana"
Xiaomi redmi 9 64gb,65000,08-12-2022,20:15:09,"Pe帽alol茅n, Regi贸n Metropolitana"
Xiaomi POCO X3 128 GB,100000,08-12-2022,18:21:03,"El Bosque, Regi贸n Metropolitana"
Xiaomi 12 t pro,650000,07-12-2022,23:48:51,"Providencia, Regi贸n Metropolitana"
Celular Samsung A22 5g y xaomi 10a,140000,07-12-2022,17:37:12,"Maip煤, Regi贸n Metropolitana"
Xiaomi redime note 11 4g color grafito,200000,07-12-2022,16:13:38,"Maip煤, Regi贸n Metropolitana"
Xiaomi 12 Lite 5 g,90000,07-12-2022,10:02:29,"Buin, Regi贸n Metropolitana"
Reloj inteligente xioami,170000,06-12-2022,23:54:13,"Estaci贸n Central, Regi贸n Metropolitana"
Xiaomi poco X4 pro 5g,65000,06-12-2022,20:40:33,"Pudahuel, Regi贸n Metropolitana"
Xiaomi 11 t,40000,06-12-2022,19:23:09,"Pe帽alol茅n, Regi贸n Metropolitana"
Xiaomi Redmi 9 -64gb,180000,06-12-2022,17:13:01,"San Bernardo, Regi贸n Metropolitana"
xiaomi ,145000,05-12-2022,23:04:59,"Maip煤, Regi贸n Metropolitana"
Poco x3 pro 256 GB xiaomi / perfecto estado,229990,05-12-2022,16:29:44,"Las Condes, Regi贸n Metropolitana"
Xiomi note 11.sellado. nuevo,120000,04-12-2022,22:02:29,"Independencia, Regi贸n Metropolitana"
Xiomi 11lite 5g.nuevo,140000,04-12-2022,22:00:44,"Independencia, Regi贸n Metropolitana"
Celular xiaomi en perfecto estado de uso ,25000,04-12-2022,16:18:58,"Puente Alto, Regi贸n Metropolitana"
Xiaomi redmi note 11s liberado,35000,04-12-2022,12:24:35,"Santiago, Regi贸n Metropolitana"
Smart band xaomi,120000,04-12-2022,01:00:49,"Maip煤, Regi贸n Metropolitana"
Cargador Xiaomi de 67W + cable Original,35000,02-12-2022,23:42:08,"San Joaqu铆n, Regi贸n Metropolitana"
Celular Xiaomi redmi note 10 5g,145000,02-12-2022,20:10:40,"Lo Prado, Regi贸n Metropolitana"
Xiaomi Mi Smart Band 6,150000,02-12-2022,17:08:00,"Santiago, Regi贸n Metropolitana"
Xiaomi Redminote 11,130000,02-12-2022,10:11:23,"La Florida, Regi贸n Metropolitana"
Celular Xiaomi redmi note 10,340000,01-12-2022,23:13:31,"Maip煤, Regi贸n Metropolitana"
Xiaomi Note 11s ,15000,01-12-2022,23:11:00,"Pe帽alol茅n, Regi贸n Metropolitana"
Xiaomi 11T Pro,60000,01-12-2022,22:24:02,"Macul, Regi贸n Metropolitana"
XIAOMI miband 4,160000,01-12-2022,21:24:11,"u帽oa, Regi贸n Metropolitana"
Xiaomi poco m3,320000,01-12-2022,17:22:12,"San Bernardo, Regi贸n Metropolitana"
Xiaomi Mi Note 10 Lite (128GB/8ram),48000,01-12-2022,14:53:32,"Santiago, Regi贸n Metropolitana"
Xiaomi mi 10t pro 5g,220000,01-12-2022,11:58:38,"Pe帽alol茅n, Regi贸n Metropolitana"
Reloj inteligente xiaomi k55 2022,470000,30-11-2022,16:55:34,"Santiago, Regi贸n Metropolitana"
Xiaomi redmi note 11 pro 5g graphite gray,110000,30-11-2022,14:58:54,"Lo Prado, Regi贸n Metropolitana"
Xiaomi 12,120000,30-11-2022,14:48:51,"Quilicura, Regi贸n Metropolitana"
Celular Xiaomi Redmi Note 9S,240000,30-11-2022,12:38:09,"La Cisterna, Regi贸n Metropolitana"
Xiaomi 10 Lite 5G,40000,30-11-2022,07:17:55,"Puente Alto, Regi贸n Metropolitana"
Xiaomi 11T,120000,30-11-2022,06:08:56,"Santiago, Regi贸n Metropolitana"
Smartwatch Xiaomi Amazfit Bip,75000,30-11-2022,02:19:27,"Providencia, Regi贸n Metropolitana"
Xiaomi redmi note 11 4gb 128gb,200000,30-11-2022,02:19:14,"Pe帽alol茅n, Regi贸n Metropolitana"
Celular Xiaomi redmi note 8,100000,30-11-2022,00:17:12,"Quilicura, Regi贸n Metropolitana"
Xiaomi note 11 pro color star blue,150000,29-11-2022,12:36:24,"La Florida, Regi贸n Metropolitana"
Xaomi redmi 9s note,225000,29-11-2022,12:25:17,"Puente Alto, Regi贸n Metropolitana"
Xiaomi Redmi 10A,80000,28-11-2022,22:58:55,"Santiago, Regi贸n Metropolitana"
Xiaomi 11T 256GB,300000,28-11-2022,22:35:14,"San Bernardo, Regi贸n Metropolitana"
Celular xiaomi redmi 10 2022,150000,28-11-2022,22:23:28,"La Florida, Regi贸n Metropolitana"
Celular xaomi p12 lite,330000,28-11-2022,18:13:40,"Huechuraba, Regi贸n Metropolitana"
Xiaomi redmi NOTE 10 PRO 128 GB gris,280000,28-11-2022,17:23:37,"Las Condes, Regi贸n Metropolitana"
Carcasa para xioami y Samsung a7,5000,28-11-2022,14:17:52,"San Miguel, Regi贸n Metropolitana"
Tel茅fono Xiaomi poco x3 pro 150 128gb 6+2de ram,4000,28-11-2022,12:45:50,"Pe帽alol茅n, Regi贸n Metropolitana"
Celular xaomi redmi a9 ,140000,28-11-2022,12:33:24,"La Granja, Regi贸n Metropolitana"
Forro xiaomi mi 11 lite 5g,150000,27-11-2022,14:19:33,"Estaci贸n Central, Regi贸n Metropolitana"
Celular xaomi p12 lite  128gb,250000,27-11-2022,13:25:07,"Huechuraba, Regi贸n Metropolitana"
Xiaomi note 10 pro de 11y128 gb duo,80000,27-11-2022,07:39:33,"La Florida, Regi贸n Metropolitana"
Telefono Celular Xiaomi,7700,27-11-2022,00:01:55,"San Miguel, Regi贸n Metropolitana"
XIAOMI REDMI NOTE 11S 5g,110000,26-11-2022,10:56:34,"Santiago, Regi贸n Metropolitana"
Reloj mi Xiaomi,80000,25-11-2022,20:29:33,"Pudahuel, Regi贸n Metropolitana"
Cable Micro Usb Galaxy Xiaomi Reforzado + env铆o,35000,25-11-2022,12:49:40,"Providencia, Regi贸n Metropolitana"
Xiaomi poco x3 pro,30000,24-11-2022,12:41:36,"La Florida, Regi贸n Metropolitana"
 redmi siaomi note 11,14990,24-11-2022,09:19:34,"Conchal铆, Regi贸n Metropolitana"
Xiaomi Redmi 9 (1 a帽o de uso),550000,23-11-2022,18:09:05,"Santiago, Regi贸n Metropolitana"
Banda deportiva Xiaomi Mi Band 5 Bluetooth,330000,23-11-2022,15:17:40,"La Florida, Regi贸n Metropolitana"
Xiaomi mi band 3,175000,23-11-2022,14:48:43,"La Florida, Regi贸n Metropolitana"
Oferta xiaomi redmi note 8 lente + instalaci贸n,80000,23-11-2022,12:21:13,"Providencia, Regi贸n Metropolitana"
Xiaomi 12 T pro Black nuevo doble sim ,130000,23-11-2022,09:23:06,"Santiago, Regi贸n Metropolitana"
Xiaomi Note 11,150000,22-11-2022,07:43:21,"Macul, Regi贸n Metropolitana"
Xiaomi 11T pro 8+3/256 GB conversable,110000,21-11-2022,23:46:54,"Santiago, Regi贸n Metropolitana"
Celular sellado Xiaomi Redmi note 11s,120000,21-11-2022,16:20:46,"San Joaqu铆n, Regi贸n Metropolitana"
Celular Xiaomi Note 9,450000,21-11-2022,15:27:18,"u帽oa, Regi贸n Metropolitana"
Celular xiaomi redmi note 11,260000,21-11-2022,10:53:10,"La Florida, Regi贸n Metropolitana"
Xiaomi Redmi Note 11S NUEVO,75000,20-11-2022,00:17:04,"Independencia, Regi贸n Metropolitana"
Xiaomi redmi 10,95000,19-11-2022,21:52:16,"Santiago, Regi贸n Metropolitana"
Xiaomi Redmi 10A,180000,19-11-2022,21:42:22,"Santiago, Regi贸n Metropolitana"
Xiaomi mi 10t *nuevo,390000,18-11-2022,23:01:17,"Santiago, Regi贸n Metropolitana"
Xiaomi 12 256gb,100000,18-11-2022,22:03:22,"Santiago, Regi贸n Metropolitana"
Xiaomi mi 10 Pro 11/256 LEER,160000,18-11-2022,19:31:44,"Quilicura, Regi贸n Metropolitana"
Xiaomi Note 8,14990,17-11-2022,14:25:42,"Estaci贸n Central, Regi贸n Metropolitana"
Smartwatch Xiaomi Watch S1 Active,140000,17-11-2022,13:36:52,"La Florida, Regi贸n Metropolitana"
Xiaomi Redmi Note 11S 5G/ 128GB/ Nuevo/ Sellado,150000,17-11-2022,00:09:01,"Santiago, Regi贸n Metropolitana"
Celular Xiaomi 11 Special Edition,15000,16-11-2022,03:45:46,"Santiago, Regi贸n Metropolitana"
Xiaomi Redmi note 11,180000,15-11-2022,23:22:48,"Puente Alto, Regi贸n Metropolitana"
Xiaomi x3pro,60000,15-11-2022,15:07:26,"Santiago, Regi贸n Metropolitana"
Instalaci贸n Lente Trasera Xiaomi Redmi Note 5-5Pro,450000,15-11-2022,12:24:36,"Providencia, Regi贸n Metropolitana"
Xiaomi Redmi Note 8 Pro en color Azul,70000,15-11-2022,11:35:35,"Estaci贸n Central, Regi贸n Metropolitana"
Xiaomi redmi note 10 pro,130000,14-11-2022,15:48:49,"San Miguel, Regi贸n Metropolitana"
Celular xiaomi redmi 9,120000,14-11-2022,11:40:06,"San Bernardo, Regi贸n Metropolitana"
Xiaomi 10T pro,250000,13-11-2022,23:43:54,"La Granja, Regi贸n Metropolitana"
Smartwatch Xiaomi Mi Watch,120000,13-11-2022,23:35:01,"Huechuraba, Regi贸n Metropolitana"
Xiaomi retmi 9t,100000,10-11-2022,13:27:59,"Santiago, Regi贸n Metropolitana"
Xiaomi redmi note 8,100000,10-11-2022,10:07:05,"La Florida, Regi贸n Metropolitana"
Mi smart band 5 negro y pesa inteligente Xiaomi,50000,09-11-2022,12:44:12,"Santiago, Regi贸n Metropolitana"
Celular como nuevo xaomi note 9,200000,08-11-2022,23:53:19,"Recoleta, Regi贸n Metropolitana"
Celular Xiaomi Redmi Note 11 Pro,200000,08-11-2022,23:37:12,"La Cisterna, Regi贸n Metropolitana"
celular Xiaomi Redmi Note 11 Pro ,250000,08-11-2022,21:55:37,"La Cisterna, Regi贸n Metropolitana"
Xiaomi 11T 256Gigas,82000,08-11-2022,18:10:06,"Quinta Normal, Regi贸n Metropolitana"
Celular Xiaomi Mi 8,130000,08-11-2022,17:26:25,"Santiago, Regi贸n Metropolitana"
Xiaomi redmi note 9 pro 6ram 128 rom,350000,08-11-2022,15:02:19,"Santiago, Regi贸n Metropolitana"
o permuto Xiaomi 11 T PRO+ cadenas,70000,08-11-2022,12:52:48,"Macul, Regi贸n Metropolitana"
Xiaomi poco,150000,08-11-2022,08:53:38,"Maip煤, Regi贸n Metropolitana"
Xiaomi redmi note 15 5g,220000,08-11-2022,00:01:28,"Puente Alto, Regi贸n Metropolitana"
Xiaomi Redmi note 11 s,180000,07-11-2022,17:36:08,"Santiago, Regi贸n Metropolitana"
Xiaomi mi 10t pro cuidado 煤nico,80000,07-11-2022,13:11:16,"Conchal铆, Regi贸n Metropolitana"
Celular Xiaomi redmi note 9,320000,06-11-2022,14:24:52,"Buin, Regi贸n Metropolitana"
Xiaomi mi11,110000,06-11-2022,03:38:51,"Providencia, Regi贸n Metropolitana"
Xiaomi redmi note 10 verde aurora 5G 128gb,520000,05-11-2022,12:20:35,"Quilicura, Regi贸n Metropolitana"
Xiaomi 12 pro 256gb,150000,04-11-2022,23:03:53,"Colina, Regi贸n Metropolitana"
Xiaomi Redmi Note 11 128 GB,75000,04-11-2022,14:10:55,"u帽oa, Regi贸n Metropolitana"
Xiaomi redmi note 8,140000,04-11-2022,13:17:28,"Santiago, Regi贸n Metropolitana"
Xiaomi Redmi note 11 (5g),100000,03-11-2022,19:50:19,"La Cisterna, Regi贸n Metropolitana"
Celular Xiaomi Redmi Note 8,80000,02-11-2022,18:31:34,"Maip煤, Regi贸n Metropolitana"
Xiaomi Poco x3,215000,02-11-2022,01:45:43,"La Cisterna, Regi贸n Metropolitana"
Xiaomi Redmi Note 10S - 3 meses,70000,02-11-2022,00:26:08,"Santiago, Regi贸n Metropolitana"
Xiaomi redmi note 8,250000,01-11-2022,18:40:59,"La Florida, Regi贸n Metropolitana"
Xaomi 11T Impecable,250000,01-11-2022,13:24:54,"La Pintana, Regi贸n Metropolitana"
Xiaomi 11t 256G,120000,01-11-2022,01:42:59,"Estaci贸n Central, Regi贸n Metropolitana"
Xiaomi Watch S1 Active,120000,31-10-2022,01:56:12,"La Florida, Regi贸n Metropolitana"
Xiaomi Redmi 10 ,150000,31-10-2022,00:17:01,"Pedro Aguirre Cerda, Regi贸n Metropolitana"
Xiaomi Note 10 pro,18000,30-10-2022,23:13:18,"Pe帽aflor, Regi贸n Metropolitana"
"Celular xaomi redmi note 10pro ,128 GB",140000,30-10-2022,13:13:40,"San Joaqu铆n, Regi贸n Metropolitana"
Audifono xiaomi headset (una oreja),125000,30-10-2022,12:40:04,"Santiago, Regi贸n Metropolitana"
Xiaomi note 10 pro,200000,30-10-2022,08:31:02,"El Bosque, Regi贸n Metropolitana"
Xiaomi Redmi 10c,120000,29-10-2022,23:07:07,"Lo Prado, Regi贸n Metropolitana"
Xiaomi Poco F3 5g 8GB RAM/256GB ROM Artic white ,160000,29-10-2022,19:07:19,"Maip煤, Regi贸n Metropolitana"
Celular Xiaomi Poco F3,60000,29-10-2022,13:30:25,"La Florida, Regi贸n Metropolitana"
Xiaomi note 11,100000,28-10-2022,18:07:35,"San Ram贸n, Regi贸n Metropolitana"
Xaomi note 5g 127 gb nuevo,180000,28-10-2022,18:04:49,"Santiago, Regi贸n Metropolitana"
Xiaomi redmi 10a,99000,27-10-2022,20:15:47,"Santiago, Regi贸n Metropolitana"
Xiaomi Redmi 9,6000,27-10-2022,13:50:18,"Puente Alto, Regi贸n Metropolitana"
Espectacular Xiaomi MI9,5000,27-10-2022,10:13:57,"Santiago, Regi贸n Metropolitana"
Xiaomi mi 10t pro ,150000,26-10-2022,22:52:24,"Quilicura, Regi贸n Metropolitana"
Xiaomi red note 9,70000,26-10-2022,21:26:25,"Pudahuel, Regi贸n Metropolitana"
Xiaomi redmi 10s,100000,25-10-2022,18:13:36,"La Reina, Regi贸n Metropolitana"
"Carcasas Galaxy A32 y Galaxy A12, Xioami redmi ",1500,25-10-2022,13:09:47,"San Bernardo, Regi贸n Metropolitana"
Xaomi Redmi Note 10 pro ,135000,25-10-2022,11:51:03,"Lo Prado, Regi贸n Metropolitana"
Xiaomi MI 9T 128G,45000,25-10-2022,11:01:39,"Pudahuel, Regi贸n Metropolitana"
Xiaomi redmi note 6,130000,24-10-2022,19:02:25,"Macul, Regi贸n Metropolitana"
 mi xaomi poco M4pro ,190000,24-10-2022,17:09:45,"Puente Alto, Regi贸n Metropolitana"
Xiaomi mi 10t lite 128gb azul,210000,23-10-2022,13:12:25,"Vitacura, Regi贸n Metropolitana"
Celular Xiaomi 11T y es 5G almacenamiento 256 GB,85000,22-10-2022,15:16:01,"Estaci贸n Central, Regi贸n Metropolitana"
Xiaomi mi mix 3 (con detalles),110000,22-10-2022,02:42:14,"Pe帽alol茅n, Regi贸n Metropolitana"
Xaomi note 9pro,160000,21-10-2022,20:18:47,"Santiago, Regi贸n Metropolitana"
Xiaomi Redmi Note 10 5G,120000,21-10-2022,10:40:29,"La Florida, Regi贸n Metropolitana"
Xiaomi Redmi note 10 5g,90000,20-10-2022,14:03:15,"San Joaqu铆n, Regi贸n Metropolitana"
Xiaomi redmi note 9 128gb dual sim,90000,20-10-2022,02:33:35,"La Florida, Regi贸n Metropolitana"
Xiaomi Redmi Note 10,450000,20-10-2022,00:03:50,"Maip煤, Regi贸n Metropolitana"
Xiaomi redmi 11T + huawei Watch gt,7500,19-10-2022,19:49:46,"Padre Hurtado, Regi贸n Metropolitana"
Bot贸n encendido y volumen xiaomi redmi note 5,12000,19-10-2022,19:44:45,"Providencia, Regi贸n Metropolitana"
Xiaomi m6 SmartWatch Impermeable Waterproof Reloj,129990,19-10-2022,18:22:16,"Maip煤, Regi贸n Metropolitana"
mi Xiomi 10T Lite,100000,19-10-2022,17:16:00,"Providencia, Regi贸n Metropolitana"
Telefonos xiaomi nuevos sellados,100000,19-10-2022,16:39:22,"Conchal铆, Regi贸n Metropolitana"
Xiaomi redmi note 10s,250000,19-10-2022,15:23:41,"Maip煤, Regi贸n Metropolitana"
Celular xiaomi redmi 10s,270000,19-10-2022,14:51:44,"San Miguel, Regi贸n Metropolitana"
Xiaomi redmi note 10s,100000,18-10-2022,17:08:00,"Pedro Aguirre Cerda, Regi贸n Metropolitana"
Xiaomi redmi note 11 Pro 5g,130000,18-10-2022,16:51:24,"Vitacura, Regi贸n Metropolitana"
Xiaomi Rredmi note 9,150000,18-10-2022,13:26:13,"Lo Barnechea, Regi贸n Metropolitana"
Xiami red mi note9,3900,18-10-2022,10:41:36,"El Bosque, Regi贸n Metropolitana"
Celular Xiaomi 10S 128 GB,130000,17-10-2022,22:00:01,"u帽oa, Regi贸n Metropolitana"
Xiaomi Mi 11 Lite 5g NE Dual SIM 128gb 8gb ram,220000,17-10-2022,09:41:19,"u帽oa, Regi贸n Metropolitana"
Xiomi note 11s,135000,16-10-2022,13:32:07,"Conchal铆, Regi贸n Metropolitana"
Celular xaomi redmi note 9,500000,15-10-2022,21:03:52,"Recoleta, Regi贸n Metropolitana"
Celular xiaomi redmi note 9 gris,100000,15-10-2022,20:42:11,"Maip煤, Regi贸n Metropolitana"
Xiaomi POCO X3 NFC,190000,15-10-2022,18:28:25,"La Florida, Regi贸n Metropolitana"
Flex Main Xiaomi Redmi Note 9,140000,15-10-2022,12:14:19,"Providencia, Regi贸n Metropolitana"
XIAOMI MI T10 Lite,140000,14-10-2022,16:21:06,"Buin, Regi贸n Metropolitana"
Xaomi redmi 11 Lite 5g NE,60000,14-10-2022,13:36:20,"Puente Alto, Regi贸n Metropolitana"
Xiaomi 12 Lite 5g,95000,14-10-2022,11:16:38,"Providencia, Regi贸n Metropolitana"
Xiaomi 11 5G 8/128 snapdragon impeque,75000,13-10-2022,16:40:21,"Santiago, Regi贸n Metropolitana"
Xiaomi 12 pro,220000,13-10-2022,14:29:43,"Santiago, Regi贸n Metropolitana"
Xiaomi 11T,160000,13-10-2022,13:45:23,"Lo Espejo, Regi贸n Metropolitana"
XIAOMI REMI NOTE 11 PRO 5g + RELOJ XIAOMI ORIGINAL,330000,11-10-2022,11:54:13,"Buin, Regi贸n Metropolitana"
Celular Xiaomi Redmi Note 8 Dual SIM 64 GB,150000,11-10-2022,00:00:04,"Pe帽alol茅n, Regi贸n Metropolitana"
Xiaomi redmi 9 en impecable estado,100000,10-10-2022,23:47:06,"Independencia, Regi贸n Metropolitana"
Xiaomi redmi note 11,70000,10-10-2022,23:13:12,"La Pintana, Regi贸n Metropolitana"
Xaomi Note 11 T de 128GB 6 Ram,130000,10-10-2022,19:12:49,"Quinta Normal, Regi贸n Metropolitana"
Xiaomi Redmi 9a poco uso + carcasas,60000,10-10-2022,15:24:18,"Quinta Normal, Regi贸n Metropolitana"
Xiaomi Redmin note 10 5g,70000,10-10-2022,15:16:00,"Pe帽alol茅n, Regi贸n Metropolitana"
Xiaomi redmi note 11,100000,10-10-2022,02:47:14,"Santiago, Regi贸n Metropolitana"
Smart watch Xiaomi Mi watch,150000,09-10-2022,16:50:49,"Puente Alto, Regi贸n Metropolitana"
Xiaomi Redmi Note 9,410000,09-10-2022,03:23:41,"Macul, Regi贸n Metropolitana"
Celular xaomi redmi note9 128 gb 5g,250000,08-10-2022,22:52:13,"La Granja, Regi贸n Metropolitana"
 xiaomi redmi note10pro,300000,08-10-2022,08:37:47,"Huechuraba, Regi贸n Metropolitana"
Xiomi redmi note 9 ,3900,07-10-2022,18:00:32,"Puente Alto, Regi贸n Metropolitana"
XIAOMI 12 nuevo con boleta en mano,7900,07-10-2022,17:07:47,"La Florida, Regi贸n Metropolitana"
Celular Xiaomi note 11 s,80000,06-10-2022,22:48:19,"Cerro Navia, Regi贸n Metropolitana"
Xiaomi redmi note 11s azul (conversable),80000,06-10-2022,18:13:36,"Providencia, Regi贸n Metropolitana"
Flex Volumen Y Power Xiaomi Poco X3 Y Poco X3 Pro,120000,06-10-2022,16:04:21,"Macul, Regi贸n Metropolitana"
Flex Bot贸n Encendido Y Volumen Xiaomi Mi 10T,200000,06-10-2022,15:12:00,"Macul, Regi贸n Metropolitana"
Celular xiaomi,100000,06-10-2022,14:11:50,"San Bernardo, Regi贸n Metropolitana"
Xiaomi Redmi Note 9,110000,06-10-2022,00:09:08,"Las Condes, Regi贸n Metropolitana"
Xiaomi Redmi Note 9s Dual Sim 128 Gb Plata 6 Gb Ra,110000,05-10-2022,20:07:07,"Santiago, Regi贸n Metropolitana"
"Xiaomi 12 Pro + Xiaomi Watch S1,audifonos y reloj",110000,05-10-2022,04:36:21,"La Reina, Regi贸n Metropolitana"
Xiaomi redmi note 11 + regalo un smartwatch,150000,05-10-2022,00:07:15,"u帽oa, Regi贸n Metropolitana"
Xiaomi watch S1 active,220000,03-10-2022,23:56:37,"San Miguel, Regi贸n Metropolitana"
Xiaomi Redmin note 10 5g,90000,03-10-2022,20:19:46,"Pe帽alol茅n, Regi贸n Metropolitana"
Xiaomi Redmin note 10 5g,6900,03-10-2022,20:19:38,"Pe帽alol茅n, Regi贸n Metropolitana"
Xiaomi Redmin note 10 5g,190000,03-10-2022,20:19:25,"Pe帽alol茅n, Regi贸n Metropolitana"
Xiaomi Poco X3 Pro 256GB,70000,03-10-2022,19:35:43,"Providencia, Regi贸n Metropolitana"
Celular Nuevo Xiaomi,95000,03-10-2022,14:53:43,"u帽oa, Regi贸n Metropolitana"
Xiaomi Redmi Note 8,200000,02-10-2022,00:32:17,"Las Condes, Regi贸n Metropolitana"
Flex Xiaomi Redmi Note 4 Boton Encendido Y Volumen,90000,01-10-2022,15:42:31,"Providencia, Regi贸n Metropolitana"
Xiaomi redmi note 11 + regalo un smartwatch,6990,01-10-2022,10:17:37,"u帽oa, Regi贸n Metropolitana"
Celular Xiaomi redmi note 8,160000,01-10-2022,10:07:56,"La Granja, Regi贸n Metropolitana"
Xiaomi note 9 pro 6/128 gb snapdragon,120000,01-10-2022,09:07:04,"Santiago, Regi贸n Metropolitana"
Xiaomi Mi 10t 5g Dual Sim 128 Gb Plata Lunar 6 Gb,150000,01-10-2022,06:54:14,"Maip煤, Regi贸n Metropolitana"
Xiaomi redmi 9A,110000,30-09-2022,17:56:01,"La Florida, Regi贸n Metropolitana"
Correa Xiaomi Naranja Mi Band Strap 3 Y 4,250000,30-09-2022,15:15:19,"Maip煤, Regi贸n Metropolitana"
Xiaomi Redmi Note 8 Pro 128gb Forest Green,160000,30-09-2022,01:59:39,"Las Condes, Regi贸n Metropolitana"
Xiaomi 11t pro 256gb con peque帽o detalle,240000,30-09-2022,01:47:42,"Conchal铆, Regi贸n Metropolitana"
Vendo xiaomi redmi note 10 5g,120000,30-09-2022,01:43:26,"Renca, Regi贸n Metropolitana"
Xiaomi redmi 10a 64gb 3gb en ram,100000,30-09-2022,01:31:54,"San Joaqu铆n, Regi贸n Metropolitana"
Xiaomi a 10 nuevo sellado,120000,30-09-2022,01:20:57,"La Florida, Regi贸n Metropolitana"
Xiaomi 12 5G 256GB/8GB,500000,30-09-2022,01:09:44,"Providencia, Regi贸n Metropolitana"
Vendo celular Xiaomi Redmi note 11 Pro 5G,280000,30-09-2022,01:07:48,"u帽oa, Regi贸n Metropolitana"
Xiaomi 12 Gray,455000,28-09-2022,13:01:36,"Las Condes, Regi贸n Metropolitana"
Celular Xiaomi Redmi Note 10 64 GB,85000,28-09-2022,12:06:24,"Las Condes, Regi贸n Metropolitana"
 xiaomi 11lite,140000,28-09-2022,09:36:01,"Macul, Regi贸n Metropolitana"
Xiaomi MI 10T Lite,5900,28-09-2022,09:15:31,"Talagante, Regi贸n Metropolitana"
Lente Mica De Camara Xiaomi Redmi 10,95000,27-09-2022,15:39:49,"Macul, Regi贸n Metropolitana"
Tel茅fono xiomi MI 9 T nuen estado,350000,27-09-2022,07:01:10,"Macul, Regi贸n Metropolitana"
Xiaomi 12 ( con muy poco uso),100000,26-09-2022,18:39:32,"Maip煤, Regi贸n Metropolitana"
Xiaomi Redmi 10 A,70000,26-09-2022,18:28:13,"Buin, Regi贸n Metropolitana"
Xiaomi redmi 9A,60000,25-09-2022,00:51:58,"Estaci贸n Central, Regi贸n Metropolitana"
Xiaomi Redmi 10 (128gb / 6Ram) Permuto,165000,24-09-2022,17:13:07,"San Miguel, Regi贸n Metropolitana"
Xiaomi Redmi 9A,210000,24-09-2022,04:32:31,"Maip煤, Regi贸n Metropolitana"
Xiaomi redmi note 10 5g,125000,23-09-2022,20:29:09,"Santiago, Regi贸n Metropolitana"
Xiaomi redmi note 11s,145000,23-09-2022,20:28:56,"Santiago, Regi贸n Metropolitana"
Xiaomi redmi 9c gris,125000,23-09-2022,20:28:52,"Santiago, Regi贸n Metropolitana"
Xiaomi redmi 10c,245000,23-09-2022,20:28:48,"Santiago, Regi贸n Metropolitana"
Xiaomi redmi 10A 64gb,235000,23-09-2022,20:27:32,"Santiago, Regi贸n Metropolitana"
Xiaomi Note 11 pro 5g,245000,23-09-2022,20:27:27,"Santiago, Regi贸n Metropolitana"
Xiaomi note 11 pro 4g,285000,23-09-2022,20:27:17,"Santiago, Regi贸n Metropolitana"
Xiaomi MI 11 lite 5g,100000,23-09-2022,20:27:06,"Santiago, Regi贸n Metropolitana"
Xiaomi Redmi Note 11 Pro 5G,160000,21-09-2022,19:36:04,"Santiago, Regi贸n Metropolitana"
Xiaomi Redmi Note ),10000,21-09-2022,10:19:57,"Santiago, Regi贸n Metropolitana"
Celular Xiaomi note 10 5 g,155000,20-09-2022,15:13:01,"Puente Alto, Regi贸n Metropolitana"
Cargador inalambrico xiaomi 10w,450000,20-09-2022,10:59:12,"Quilicura, Regi贸n Metropolitana"
Xiaomi note 10 PRO,210000,20-09-2022,10:45:33,"Puente Alto, Regi贸n Metropolitana"
Xiaomi redmi note 10 pro usado,150000,20-09-2022,09:15:18,"Santiago, Regi贸n Metropolitana"
Xiaomi 12 Pro 256GB Color Gris + Carcasa CamShield,150000,19-09-2022,13:47:33,"La Reina, Regi贸n Metropolitana"
Xiaomi 11 Lite 5 G,190000,18-09-2022,23:30:34,"Recoleta, Regi贸n Metropolitana"
Celular Xiaomi MI 9T,130000,18-09-2022,22:02:01,"Independencia, Regi贸n Metropolitana"
Xiaomi Redmi note 10 pro,6000,18-09-2022,13:21:22,"Buin, Regi贸n Metropolitana"
Xiaomi 11s,80000,17-09-2022,22:32:28,"Santiago, Regi贸n Metropolitana"
Xiaomi Redmi 10a mas info al privado,50000,17-09-2022,20:35:59,"La Pintana, Regi贸n Metropolitana"
Funda Xiaomi Redmi Note 10 Pro,7900,16-09-2022,19:22:12,"Cerrillos, Regi贸n Metropolitana"
Reloj smartwatch xioami s1 active,250000,16-09-2022,17:17:29,"La Florida, Regi贸n Metropolitana"
Celular Xiami 10 64 gigas ,8900,16-09-2022,12:48:12,"Santiago, Regi贸n Metropolitana"
Flex Main Compatible Con Xiaomi Redmi Note 10 10S,145000,15-09-2022,16:43:11,"Macul, Regi贸n Metropolitana"
Celular xaomi 11 T celestial blue,150000,15-09-2022,14:34:06,"Santiago, Regi贸n Metropolitana"
Flex Main Compatible Con Xiaomi Redmi Note 10 Pro,350000,14-09-2022,18:49:18,"Macul, Regi贸n Metropolitana"
Xiaomo redmi 10A,80000,13-09-2022,16:53:36,"San Miguel, Regi贸n Metropolitana"
Xiaomi Redmi 10 128 GB y 4 GB RAM,120000,13-09-2022,15:51:35,"Maip煤, Regi贸n Metropolitana"
Pantalla xiaomi redmi note 9s,39900,13-09-2022,13:10:10,"Providencia, Regi贸n Metropolitana"
Pantalla xiaomi redmi note 9 pro,39900,13-09-2022,12:41:31,"Providencia, Regi贸n Metropolitana"
Xiaomi Redmi Note 9 128 gb,85000,13-09-2022,00:25:44,"Santiago, Regi贸n Metropolitana"
Celular Xiaomi Redmi 9C usado,100000,12-09-2022,19:36:42,"u帽oa, Regi贸n Metropolitana"
Flex Main Xiaomi Redmi Note 8 Pro,4900,12-09-2022,18:15:25,"Macul, Regi贸n Metropolitana"
Xiaomi redmi note 9 pro ,85000,11-09-2022,23:11:26,"Puente Alto, Regi贸n Metropolitana"
Xiaomi Redmi 10A,15000,11-09-2022,19:36:02,"Santiago, Regi贸n Metropolitana"
Xiomi note 10 128gb y 6 de ram,160000,10-09-2022,21:53:51,"Maip煤, Regi贸n Metropolitana"
Celular Xiaomi M1 A1 Arreglo o Repuesto,130000,10-09-2022,19:51:53,"Maip煤, Regi贸n Metropolitana"
Xiaomi redmi note 11s,170000,10-09-2022,09:42:52,"La Florida, Regi贸n Metropolitana"
Celular Xiaomi Redmi Note 10 S,160000,09-09-2022,10:29:37,"San Miguel, Regi贸n Metropolitana"
Xiaomi redmi note 11s,90000,08-09-2022,18:22:49,"Puente Alto, Regi贸n Metropolitana"
Xiaomi mi 20 Lite ,9500,08-09-2022,15:08:00,"Santiago, Regi贸n Metropolitana"
Smartwatch S1 Active Black Xiaomi - Nuevo/Sellado,100000,08-09-2022,14:11:50,"Santiago, Regi贸n Metropolitana"
Audifonos Bluetooth Xiaomi Redmi Airdots 2 (TW4),120000,08-09-2022,11:20:17,"Providencia, Regi贸n Metropolitana"
Xiaomi redmi,180000,08-09-2022,10:21:00,"Pudahuel, Regi贸n Metropolitana"
Xiaomi redmi note 10 s,155000,07-09-2022,22:06:32,"La Cisterna, Regi贸n Metropolitana"
Dos Xiaomi 10 4 ram 64 gb en caja,150000,07-09-2022,21:28:54,"La Reina, Regi贸n Metropolitana"
Xiaomi Redmi Note 10 5G (nuevos sellados),120000,07-09-2022,14:56:01,"Santiago, Regi贸n Metropolitana"
Xiaomi Redmi 10 A,100000,07-09-2022,03:12:08,"Pudahuel, Regi贸n Metropolitana"
Telefono Xiaomi Redmi Note 10 128 GB/4RAM/5G,170000,07-09-2022,02:58:05,"Santiago, Regi贸n Metropolitana"
Xiaomi ,250000,07-09-2022,01:58:59,"Colina, Regi贸n Metropolitana"
 de celular xiaomi,170000,06-09-2022,20:18:49,"u帽oa, Regi贸n Metropolitana"
SmartPhone XAOMI,5900,06-09-2022,18:01:53,"San Miguel, Regi贸n Metropolitana"
celular nuevo xiaomi note 11 pro,220000,06-09-2022,15:24:59,"Alhu茅, Regi贸n Metropolitana"
Tel茅fono xiaomi Redmi note 11,8900,06-09-2022,14:03:30,"Santiago, Regi贸n Metropolitana"
Lente c谩mara trasera xiaomi redmi note 9-azul,190000,06-09-2022,14:02:47,"Providencia, Regi贸n Metropolitana"
Xiaomi poco f3 128gb blanco,23000,06-09-2022,13:44:49,"Santiago, Regi贸n Metropolitana"
Flex main xiaomi redmi note 10s,4900,06-09-2022,13:36:09,"Providencia, Regi贸n Metropolitana"
Celular xiaomi,250000,05-09-2022,22:48:45,"Padre Hurtado, Regi贸n Metropolitana"
Cargador inalambrico xiaomi,150000,05-09-2022,21:03:35,"Quinta Normal, Regi贸n Metropolitana"
FLEX MAIN XIAOMI REDMI NOTE 8 pro,430000,05-09-2022,15:40:32,"Providencia, Regi贸n Metropolitana"
Xiaomi Mi 10T 5g 6gb ram 128gb,30000,05-09-2022,12:31:14,"Santiago, Regi贸n Metropolitana"
Xiaomi poco x3 pro,8900,04-09-2022,22:04:46,"Vitacura, Regi贸n Metropolitana"
Xiaomi mi 11 como nuevo,170000,04-09-2022,05:08:40,"San Miguel, Regi贸n Metropolitana"
Cargador original Xiaomi ,150000,03-09-2022,18:04:21,"Estaci贸n Central, Regi贸n Metropolitana"
Flex Main Xiaomi Redmi Note 9s / 9 Pro,180000,03-09-2022,12:42:49,"Providencia, Regi贸n Metropolitana"
Xiaomi Redmi Note 11S 5G Dual SImidnight black 6gb,34500,02-09-2022,18:50:46,"San Miguel, Regi贸n Metropolitana"
Xiaomi Poco X3 GT,350000,02-09-2022,12:56:52,"La Florida, Regi贸n Metropolitana"
Xiaomi Redmi Note 11S nuevo,95000,01-09-2022,22:26:31,"La Pintana, Regi贸n Metropolitana"
Pantalla xiaomi redmi note 8 pro,80000,01-09-2022,14:33:35,"Providencia, Regi贸n Metropolitana"
Xiaomi 11tpro-s.art watch ,33900,01-09-2022,11:26:31,"Renca, Regi贸n Metropolitana"
Pantalla xiaomi mi 8 lite,45000,31-08-2022,12:36:47,"Providencia, Regi贸n Metropolitana"
Xiaomi 11t excelente estado,250000,31-08-2022,01:40:24,"Las Condes, Regi贸n Metropolitana"
Xiaomi 11T pro ,260000,30-08-2022,20:34:12,"La Florida, Regi贸n Metropolitana"
Xiaomi redmi note 9,60000,30-08-2022,18:07:04,"Quilicura, Regi贸n Metropolitana"
Xiaomi 8,50000,30-08-2022,17:04:55,"Las Condes, Regi贸n Metropolitana"
Pantalla xiaomi redmi note 10,119000,30-08-2022,13:46:19,"Providencia, Regi贸n Metropolitana"
Pantalla Xiaomi Mi Note 10,77900,30-08-2022,13:26:41,"Providencia, Regi贸n Metropolitana"
Xiaomi Lite 11 G,260000,29-08-2022,20:24:00,"Puente Alto, Regi贸n Metropolitana"
Nuevo Xiaomi Blackshark 4 Pro Global 256gb Memoria,549990,29-08-2022,17:08:08,"Las Condes, Regi贸n Metropolitana"
Nuevo - Xiaomi Blackshark 4 Negro 128gb memoria,409990,29-08-2022,17:08:08,"Las Condes, Regi贸n Metropolitana"
Xiaomi 10 T pro,280000,29-08-2022,15:48:00,"Maip煤, Regi贸n Metropolitana"
Xiaomi Mi 10T,190000,29-08-2022,14:19:28,"Santiago, Regi贸n Metropolitana"
Flex de carga xiaomi redmi note 10/10s,12900,29-08-2022,12:58:03,"Providencia, Regi贸n Metropolitana"
Flex de carga xiomi mi 10t,10900,29-08-2022,12:35:30,"Providencia, Regi贸n Metropolitana"
Xiaomi Redmi Note 9 PRO,200000,29-08-2022,11:51:44,"Santiago, Regi贸n Metropolitana"
Xiaomi MI 11 lite 5g,270000,29-08-2022,09:51:44,"La Cisterna, Regi贸n Metropolitana"
Xiaomi mi10t,150000,29-08-2022,05:36:53,"u帽oa, Regi贸n Metropolitana"
note 8 pro xiaomi de 128 Gb,19990,28-08-2022,04:02:21,"Santiago, Regi贸n Metropolitana"
Xiaomi nuevo sin uso,90000,27-08-2022,14:12:06,"La Florida, Regi贸n Metropolitana"
Instalaci贸n flex de carga xiaomi redmi 9a,10900,27-08-2022,12:12:02,"Providencia, Regi贸n Metropolitana"
Xiaomi Redmi 10A,8900,27-08-2022,06:41:13,"Santiago, Regi贸n Metropolitana"
Flex De Carga Xiaomi Mi 10t,200000,27-08-2022,01:24:07,"Macul, Regi贸n Metropolitana"
Flex De Carga Xiaomi Redmi 10 / 10s 4g,24990,27-08-2022,00:45:54,"Macul, Regi贸n Metropolitana"
Xiaomi Mi 10T,140000,25-08-2022,22:43:56,"Maip煤, Regi贸n Metropolitana"
Destornillador Electrico Inalambrico Xiaomi Mijia,130000,25-08-2022,18:27:31,"Maip煤, Regi贸n Metropolitana"
Xiaomi note 10,200000,25-08-2022,17:33:04,"Cerro Navia, Regi贸n Metropolitana"
Xiaomi Red Note 10,230000,25-08-2022,09:33:38,"Santiago, Regi贸n Metropolitana"
Xiaomi 11 Lite 128gb 8 Ram 5 G,190000,24-08-2022,23:12:18,"Quinta Normal, Regi贸n Metropolitana"
Xiaomi Redmi Note 11S,80000,24-08-2022,15:36:18,"Puente Alto, Regi贸n Metropolitana"
Celular xiaomi mi 11 lite,10500,24-08-2022,13:18:37,"Santiago, Regi贸n Metropolitana"
Xiaomi redmi 10a,170000,24-08-2022,11:52:04,"San Ram贸n, Regi贸n Metropolitana"
Lex De Carga Xiaomi Poco X3 / X3 Pro,85000,23-08-2022,23:47:32,"Macul, Regi贸n Metropolitana"
TELFONO XIAOMI REDMI NOTE 10s,100000,22-08-2022,23:13:27,"Quinta Normal, Regi贸n Metropolitana"
Xiaomi Redmi Note 9,100000,22-08-2022,23:09:03,"Lo Espejo, Regi贸n Metropolitana"
Xiaomi redmi 9s,150000,22-08-2022,21:04:58,"Renca, Regi贸n Metropolitana"
Xaomi Redmi Note 10 5G,150000,22-08-2022,20:58:43,"Quinta Normal, Regi贸n Metropolitana"
Celulares motorola y xioami a buen precio,400000,22-08-2022,17:53:13,"El Bosque, Regi贸n Metropolitana"
Xiaomi REDMI Note Red 10 5g,90000,22-08-2022,11:33:05,"Maip煤, Regi贸n Metropolitana"
Celular Xaomi redmi 10a,260000,22-08-2022,01:22:20,"Estaci贸n Central, Regi贸n Metropolitana"
Xiaomi 11t pro + xiaomi mi watch,140000,21-08-2022,21:31:42,"Lo Barnechea, Regi贸n Metropolitana"
Xiaomi Poco X3 nfc,115000,21-08-2022,20:21:58,"Macul, Regi贸n Metropolitana"
Xiaomi Lite 11 5 G,300000,20-08-2022,17:06:27,"San Miguel, Regi贸n Metropolitana"
"Xiaomi 12 pro 256gb nuevo, con boleta",650000,17-08-2022,22:55:27,"Lo Barnechea, Regi贸n Metropolitana"
Celular xiaomi redmi 9a,70000,17-08-2022,15:07:01,"Santiago, Regi贸n Metropolitana"
Xiaomi Redmi Note 10 Pebble White semi nuevo,130000,17-08-2022,10:24:06,"Quilicura, Regi贸n Metropolitana"
Xiaomi redmi note 10 5g,100000,17-08-2022,10:11:13,"La Granja, Regi贸n Metropolitana"
Xiaomi mi band 5 usada,60000,16-08-2022,22:27:23,"Puente Alto, Regi贸n Metropolitana"
celular Xiaomi 11 Lite 5G,290000,16-08-2022,20:36:31,"Providencia, Regi贸n Metropolitana"
Mi watch xiaomi,205000,16-08-2022,16:28:37,"San Bernardo, Regi贸n Metropolitana"
Celular Xiaomi redmi9t,150000,16-08-2022,15:24:07,"San Bernardo, Regi贸n Metropolitana"
Xiaomi POCO X4 PRO 5G 128Gb con 3 meses de uso,200000,16-08-2022,11:19:50,"Maip煤, Regi贸n Metropolitana"
Xiaomi Redmi Note 11 Pro 6GB RAM 128GB ROM,370000,14-08-2022,23:05:35,"San Miguel, Regi贸n Metropolitana"
Celular Xiomi,90000,13-08-2022,11:18:37,"Puente Alto, Regi贸n Metropolitana"
Xiaomi redmi note 11,100000,13-08-2022,10:56:31,"La Pintana, Regi贸n Metropolitana"
Xiaomi 11 t pro,95000,12-08-2022,23:27:49,"Pe帽aflor, Regi贸n Metropolitana"
Xiaomi redmi a10,65000,12-08-2022,18:41:17,"Buin, Regi贸n Metropolitana"
Tel茅fono Impeque Xiaomi redmi 10s,160000,12-08-2022,18:41:07,"La Cisterna, Regi贸n Metropolitana"
Tel茅fono nuevo Xiaomi Redmi a10 64GB,70000,12-08-2022,18:40:35,"Buin, Regi贸n Metropolitana"
Cambio de pantalla xiomi redmi 9t,350000,12-08-2022,12:23:25,"Providencia, Regi贸n Metropolitana"
Xiaomi 10 pro ,100000,11-08-2022,23:50:57,"Santiago, Regi贸n Metropolitana"
Xiaomi Redmi Note 8,120000,11-08-2022,22:01:25,"Lo Espejo, Regi贸n Metropolitana"
Xiaomi poco F3,120000,11-08-2022,20:33:35,"Santiago, Regi贸n Metropolitana"
"Tel茅fono xiaomi 11t pro ,un mes de uso",350000,11-08-2022,11:05:51,"Vitacura, Regi贸n Metropolitana"
Xiaomi Redmi 10A SELLADO NUEVO,90000,11-08-2022,09:19:50,"Santiago, Regi贸n Metropolitana"
Celular xaomi mi10 lite,90000,10-08-2022,21:24:00,"Puente Alto, Regi贸n Metropolitana"
Celular Xiaomi redmi note 11,190000,10-08-2022,13:18:36,"San Bernardo, Regi贸n Metropolitana"
Xiaomi 11t pro 256gb,135000,10-08-2022,10:53:33,"Cerro Navia, Regi贸n Metropolitana"
Xiomi Redmi 9T,110000,09-08-2022,21:24:02,"San Miguel, Regi贸n Metropolitana"
Xiaomi Redmi 9T 128GB NUEVO sin detalles,70000,09-08-2022,13:05:20,"u帽oa, Regi贸n Metropolitana"
Xiaomi MI 10 T 5 G,50000,09-08-2022,12:25:29,"Macul, Regi贸n Metropolitana"
Celular Xiaomi Mi 9T 128GB,120000,08-08-2022,23:32:23,"La Cisterna, Regi贸n Metropolitana"
Xiaomi Redmi 9T,150000,08-08-2022,22:37:06,"Las Condes, Regi贸n Metropolitana"
xaomi Mi 10T pro,70000,08-08-2022,20:34:01,"Conchal铆, Regi贸n Metropolitana"
Xiaomi Redmi Note 10,80000,08-08-2022,15:17:20,"Puente Alto, Regi贸n Metropolitana"
Xiaomi Redmi Note 8,100000,08-08-2022,15:07:59,"Puente Alto, Regi贸n Metropolitana"
Cambio de pantalla xiomi redmi 9a,172000,08-08-2022,12:50:56,"Providencia, Regi贸n Metropolitana"
XIAOMI POCO X3 PRO 128gb,50000,08-08-2022,00:56:40,"La Florida, Regi贸n Metropolitana"
Xiaomi redmi Note 10 Pro,150000,07-08-2022,21:09:26,"Lampa, Regi贸n Metropolitana"
Xiaomi poco m3,65000,07-08-2022,20:52:56,"La Pintana, Regi贸n Metropolitana"
Xiaomi Redmi 9c,200000,07-08-2022,20:11:06,"Estaci贸n Central, Regi贸n Metropolitana"
Xiaomi Redmi 9,99990,07-08-2022,17:23:46,"Maip煤, Regi贸n Metropolitana"
Xiaomi Redmi 9,100000,07-08-2022,14:27:45,"Santiago, Regi贸n Metropolitana"
Celular Xiaomi note 11,60000,03-08-2022,20:04:03,"La Florida, Regi贸n Metropolitana"
Xiaomi mi watch,60000,03-08-2022,13:46:08,"Pudahuel, Regi贸n Metropolitana"
Cambio de pantalla xiomi redmi note 9,300000,03-08-2022,13:41:32,"Providencia, Regi贸n Metropolitana"
Xiaomi Mi 10t 5g Dual Sim 128 Gb Negro C贸smico 6 G,150000,03-08-2022,13:32:49,"San Miguel, Regi贸n Metropolitana"
Xiaomi MI 10T LITE,5290,03-08-2022,11:15:30,"La Reina, Regi贸n Metropolitana"
Xiaomi note 8 128GB,700000,03-08-2022,01:42:46,"Pe帽alol茅n, Regi贸n Metropolitana"
L谩mina para c谩mara Xiaomi note 11 Pro 5G,220000,02-08-2022,20:23:05,"Las Condes, Regi贸n Metropolitana"
Xiaomi 12 pro full,250000,02-08-2022,15:00:02,"La Florida, Regi贸n Metropolitana"
Xiaomi Mi 10 t,69990,02-08-2022,14:46:16,"Macul, Regi贸n Metropolitana"
Xiaomi RedmiNote 10 Pro 128gb,210000,01-08-2022,19:55:39,"Las Condes, Regi贸n Metropolitana"
Pantalla LCD Compatible con Xiaomi Mi 11 Lite,28990,01-08-2022,18:05:46,"Santiago, Regi贸n Metropolitana"
Xiaomi mi 11 Lite 5G,28990,01-08-2022,17:48:00,"Maip煤, Regi贸n Metropolitana"
Pantalla Redmi 9T Compatible con Xiaomi Redmi 9T,26990,01-08-2022,17:29:27,"Santiago, Regi贸n Metropolitana"
Pantalla Compatible con Xiaomi Redmi Note 9s,80000,01-08-2022,17:27:58,"Santiago, Regi贸n Metropolitana"
Pantalla Compatible con Xiaomi Redmi Note 8 Pro,250000,01-08-2022,17:26:51,"Santiago, Regi贸n Metropolitana"
Xiaomi POCO M3,120000,01-08-2022,16:17:07,"Melipilla, Regi贸n Metropolitana"
Xiaomi 10 T pro,14000,01-08-2022,15:53:21,"Melipilla, Regi贸n Metropolitana"
Xiaomi poco x3,50000,01-08-2022,14:17:28,"Pe帽alol茅n, Regi贸n Metropolitana"
Mi band 5 xiaomi,110000,01-08-2022,06:14:00,"Maip煤, Regi贸n Metropolitana"
Smartwatch xiaomi,120000,31-07-2022,20:38:46,"u帽oa, Regi贸n Metropolitana"
Xiaomi redmi 10a 64 gb,50000,31-07-2022,19:14:06,"Lo Prado, Regi贸n Metropolitana"
Xiaomi Redmi Note 10 S,95000,31-07-2022,12:51:51,"La Florida, Regi贸n Metropolitana"
Celular Xiaomi Redmi note 8,90000,30-07-2022,17:11:22,"u帽oa, Regi贸n Metropolitana"
